"HITId","HITTypeId","Title","Description","Keywords","Reward","CreationTime","MaxAssignments","RequesterAnnotation","AssignmentDurationInSeconds","AutoApprovalDelayInSeconds","Expiration","NumberOfSimilarHITs","LifetimeInSeconds","AssignmentId","WorkerId","AssignmentStatus","AcceptTime","SubmitTime","AutoApprovalTime","ApprovalTime","RejectionTime","RequesterFeedback","WorkTimeInSeconds","LifetimeApprovalRate","Last30DaysApprovalRate","Last7DaysApprovalRate","Input.text","Answer.Review.label","Approve","Reject"
"3Z33IC0JD9SPFAEGCQVBKJO9KIG9V3","30EHNVFQM89B7ILYXOUZPH5BHM0B1W","Review analysis","Determine whether a review is fake or real","Review, text, real, fake","$0.05","Fri Nov 05 17:31:23 PDT 2021","5","BatchId:4594578;OriginalHitTemplateId:928390909;","3600","259200","Fri Nov 12 16:31:23 PST 2021","","","3MYYFCXHJDD7MRF3W250SU66NF6G4F","A3TNLC6XGYNDKS","Approved","Fri Nov 05 17:31:51 PDT 2021","Fri Nov 05 17:32:12 PDT 2021","Mon Nov 08 16:32:12 PST 2021","Mon Nov 08 16:32:36 PST 2021","","","21","100% (25/25)","100% (25/25)","100% (25/25)","All was great","Real"
"3Z33IC0JD9SPFAEGCQVBKJO9KIG9V3","30EHNVFQM89B7ILYXOUZPH5BHM0B1W","Review analysis","Determine whether a review is fake or real","Review, text, real, fake","$0.05","Fri Nov 05 17:31:23 PDT 2021","5","BatchId:4594578;OriginalHitTemplateId:928390909;","3600","259200","Fri Nov 12 16:31:23 PST 2021","","","33M4IA01QQ7P9JCRWO1HO9HBIKZRXG","A3VOMC0I1ZVWT","Approved","Fri Nov 05 18:32:21 PDT 2021","Fri Nov 05 18:40:04 PDT 2021","Mon Nov 08 17:40:04 PST 2021","Mon Nov 08 17:40:29 PST 2021","","","463","100% (9/9)","100% (9/9)","100% (9/9)","All was great","Real"
"3Z33IC0JD9SPFAEGCQVBKJO9KIG9V3","30EHNVFQM89B7ILYXOUZPH5BHM0B1W","Review analysis","Determine whether a review is fake or real","Review, text, real, fake","$0.05","Fri Nov 05 17:31:23 PDT 2021","5","BatchId:4594578;OriginalHitTemplateId:928390909;","3600","259200","Fri Nov 12 16:31:23 PST 2021","","","3N8OEVH1F1WZIX6J35XHB1LDVSXOOK","A6V1Q7728SR2J","Approved","Fri Nov 05 17:32:47 PDT 2021","Fri Nov 05 17:44:42 PDT 2021","Mon Nov 08 16:44:42 PST 2021","Mon Nov 08 16:44:45 PST 2021","","","715","100% (10/10)","100% (10/10)","100% (10/10)","All was great","Real"
"3Z33IC0JD9SPFAEGCQVBKJO9KIG9V3","30EHNVFQM89B7ILYXOUZPH5BHM0B1W","Review analysis","Determine whether a review is fake or real","Review, text, real, fake","$0.05","Fri Nov 05 17:31:23 PDT 2021","5","BatchId:4594578;OriginalHitTemplateId:928390909;","3600","259200","Fri Nov 12 16:31:23 PST 2021","","","37FMASSAYMX53H6715FQLKPSCKGIBG","AEGRFC72Y8QHV","Approved","Fri Nov 05 17:34:06 PDT 2021","Fri Nov 05 17:34:49 PDT 2021","Mon Nov 08 16:34:49 PST 2021","Mon Nov 08 16:35:30 PST 2021","","","43","100% (8/8)","100% (8/8)","100% (8/8)","All was great","Fake"
"3Z33IC0JD9SPFAEGCQVBKJO9KIG9V3","30EHNVFQM89B7ILYXOUZPH5BHM0B1W","Review analysis","Determine whether a review is fake or real","Review, text, real, fake","$0.05","Fri Nov 05 17:31:23 PDT 2021","5","BatchId:4594578;OriginalHitTemplateId:928390909;","3600","259200","Fri Nov 12 16:31:23 PST 2021","","","3DYGAII7PVEKO9V0XI20P6L3KYBQPB","AUNX1G4IZUO2","Approved","Fri Nov 05 17:32:57 PDT 2021","Fri Nov 05 17:33:06 PDT 2021","Mon Nov 08 16:33:06 PST 2021","Mon Nov 08 16:33:33 PST 2021","","","9","100% (9/9)","100% (9/9)","100% (9/9)","All was great","Real"
"3P6ENY9P8I2D8ACZBVKKIBW3VTSHI4","30EHNVFQM89B7ILYXOUZPH5BHM0B1W","Review analysis","Determine whether a review is fake or real","Review, text, real, fake","$0.05","Fri Nov 05 17:31:23 PDT 2021","5","BatchId:4594578;OriginalHitTemplateId:928390909;","3600","259200","Fri Nov 12 16:31:23 PST 2021","","","3LS2AMNW5PW239JZIIPL06GDATFQOU","A2519LCLPN7Y6I","Approved","Fri Nov 05 17:32:57 PDT 2021","Fri Nov 05 17:33:09 PDT 2021","Mon Nov 08 16:33:09 PST 2021","Mon Nov 08 16:33:34 PST 2021","","","12","100% (10/10)","100% (10/10)","100% (10/10)","Placed order and very quick delivery","Real"
"3P6ENY9P8I2D8ACZBVKKIBW3VTSHI4","30EHNVFQM89B7ILYXOUZPH5BHM0B1W","Review analysis","Determine whether a review is fake or real","Review, text, real, fake","$0.05","Fri Nov 05 17:31:23 PDT 2021","5","BatchId:4594578;OriginalHitTemplateId:928390909;","3600","259200","Fri Nov 12 16:31:23 PST 2021","","","3U8YCDAGXZMH0SRGGXNAA5KVCQ00QF","A2H90QIP05I3LU","Approved","Fri Nov 05 17:32:42 PDT 2021","Fri Nov 05 17:32:49 PDT 2021","Mon Nov 08 16:32:49 PST 2021","Mon Nov 08 16:33:28 PST 2021","","","7","100% (16/16)","100% (16/16)","100% (16/16)","Placed order and very quick delivery","Real"
"3P6ENY9P8I2D8ACZBVKKIBW3VTSHI4","30EHNVFQM89B7ILYXOUZPH5BHM0B1W","Review analysis","Determine whether a review is fake or real","Review, text, real, fake","$0.05","Fri Nov 05 17:31:23 PDT 2021","5","BatchId:4594578;OriginalHitTemplateId:928390909;","3600","259200","Fri Nov 12 16:31:23 PST 2021","","","3V0Z7YWSI86G1AQBHJLYZGCIQGYV2N","A3TNLC6XGYNDKS","Approved","Fri Nov 05 17:31:48 PDT 2021","Fri Nov 05 17:31:54 PDT 2021","Mon Nov 08 16:31:54 PST 2021","Mon Nov 08 16:32:31 PST 2021","","","6","100% (25/25)","100% (25/25)","100% (25/25)","Placed order and very quick delivery","Real"
"3P6ENY9P8I2D8ACZBVKKIBW3VTSHI4","30EHNVFQM89B7ILYXOUZPH5BHM0B1W","Review analysis","Determine whether a review is fake or real","Review, text, real, fake","$0.05","Fri Nov 05 17:31:23 PDT 2021","5","BatchId:4594578;OriginalHitTemplateId:928390909;","3600","259200","Fri Nov 12 16:31:23 PST 2021","","","3TU5ZICBRN7ZIHWJB10P3KQDVPI8QI","AEUV7R2K2QEUV","Approved","Fri Nov 05 17:50:17 PDT 2021","Fri Nov 05 17:50:46 PDT 2021","Mon Nov 08 16:50:46 PST 2021","Mon Nov 08 16:51:28 PST 2021","","","29","100% (6/6)","100% (6/6)","100% (6/6)","Placed order and very quick delivery","Real"
"3P6ENY9P8I2D8ACZBVKKIBW3VTSHI4","30EHNVFQM89B7ILYXOUZPH5BHM0B1W","Review analysis","Determine whether a review is fake or real","Review, text, real, fake","$0.05","Fri Nov 05 17:31:23 PDT 2021","5","BatchId:4594578;OriginalHitTemplateId:928390909;","3600","259200","Fri Nov 12 16:31:23 PST 2021","","","3TUI152ZZLTH7HCYCGRAOA35HI5Q17","AKSLU0C30G3JT","Approved","Fri Nov 05 17:32:27 PDT 2021","Fri Nov 05 17:32:48 PDT 2021","Mon Nov 08 16:32:48 PST 2021","Mon Nov 08 16:33:28 PST 2021","","","21","100% (13/13)","100% (13/13)","100% (13/13)","Placed order and very quick delivery","Real"
"3J9L0X0VEOS2UZEL20076L7NRRI9WD","30EHNVFQM89B7ILYXOUZPH5BHM0B1W","Review analysis","Determine whether a review is fake or real","Review, text, real, fake","$0.05","Fri Nov 05 17:31:23 PDT 2021","5","BatchId:4594578;OriginalHitTemplateId:928390909;","3600","259200","Fri Nov 12 16:31:23 PST 2021","","","30H4UDGLTCOT3UX85PVJ8X1YAXFMPL","A2H90QIP05I3LU","Approved","Fri Nov 05 17:33:54 PDT 2021","Fri Nov 05 17:33:58 PDT 2021","Mon Nov 08 16:33:58 PST 2021","Mon Nov 08 16:34:31 PST 2021","","","4","100% (16/16)","100% (16/16)","100% (16/16)","Was great thank you","Real"
"3J9L0X0VEOS2UZEL20076L7NRRI9WD","30EHNVFQM89B7ILYXOUZPH5BHM0B1W","Review analysis","Determine whether a review is fake or real","Review, text, real, fake","$0.05","Fri Nov 05 17:31:23 PDT 2021","5","BatchId:4594578;OriginalHitTemplateId:928390909;","3600","259200","Fri Nov 12 16:31:23 PST 2021","","","3LO69W1SUDJ3KZMO2U4HEB8H911LGD","A3TNLC6XGYNDKS","Approved","Fri Nov 05 17:32:27 PDT 2021","Fri Nov 05 17:32:47 PDT 2021","Mon Nov 08 16:32:47 PST 2021","Mon Nov 08 16:33:28 PST 2021","","","20","100% (25/25)","100% (25/25)","100% (25/25)","Was great thank you","Real"
"3J9L0X0VEOS2UZEL20076L7NRRI9WD","30EHNVFQM89B7ILYXOUZPH5BHM0B1W","Review analysis","Determine whether a review is fake or real","Review, text, real, fake","$0.05","Fri Nov 05 17:31:23 PDT 2021","5","BatchId:4594578;OriginalHitTemplateId:928390909;","3600","259200","Fri Nov 12 16:31:23 PST 2021","","","3TXMY6UCAOU1UKMWSDGU56MWLG9QCC","A3VOMC0I1ZVWT","Approved","Fri Nov 05 18:32:39 PDT 2021","Fri Nov 05 18:41:00 PDT 2021","Mon Nov 08 17:41:00 PST 2021","Mon Nov 08 17:41:29 PST 2021","","","501","100% (9/9)","100% (9/9)","100% (9/9)","Was great thank you","Real"
"3J9L0X0VEOS2UZEL20076L7NRRI9WD","30EHNVFQM89B7ILYXOUZPH5BHM0B1W","Review analysis","Determine whether a review is fake or real","Review, text, real, fake","$0.05","Fri Nov 05 17:31:23 PDT 2021","5","BatchId:4594578;OriginalHitTemplateId:928390909;","3600","259200","Fri Nov 12 16:31:23 PST 2021","","","3ZPPDN2SL52AZJPO72B39ZWAWR69EO","AEUV7R2K2QEUV","Approved","Fri Nov 05 17:33:21 PDT 2021","Fri Nov 05 17:33:47 PDT 2021","Mon Nov 08 16:33:47 PST 2021","Mon Nov 08 16:34:28 PST 2021","","","26","100% (6/6)","100% (6/6)","100% (6/6)","Was great thank you","Real"
"3J9L0X0VEOS2UZEL20076L7NRRI9WD","30EHNVFQM89B7ILYXOUZPH5BHM0B1W","Review analysis","Determine whether a review is fake or real","Review, text, real, fake","$0.05","Fri Nov 05 17:31:23 PDT 2021","5","BatchId:4594578;OriginalHitTemplateId:928390909;","3600","259200","Fri Nov 12 16:31:23 PST 2021","","","3MRNMEIQWFC08FCX04398Q5KW9MDLW","AUNX1G4IZUO2","Approved","Fri Nov 05 17:34:03 PDT 2021","Fri Nov 05 17:34:12 PDT 2021","Mon Nov 08 16:34:12 PST 2021","Mon Nov 08 16:34:35 PST 2021","","","9","100% (9/9)","100% (9/9)","100% (9/9)","Was great thank you","Real"
"3PKJ68EHEW293LW5TD5KUCB388HHJG","30EHNVFQM89B7ILYXOUZPH5BHM0B1W","Review analysis","Determine whether a review is fake or real","Review, text, real, fake","$0.05","Fri Nov 05 17:31:23 PDT 2021","5","BatchId:4594578;OriginalHitTemplateId:928390909;","3600","259200","Fri Nov 12 16:31:23 PST 2021","","","3TR2532VIZ0VSG9INWJIM5I0BYTJ67","A26Z3YPJ8RYJQJ","Approved","Fri Nov 05 17:32:20 PDT 2021","Fri Nov 05 17:32:55 PDT 2021","Mon Nov 08 16:32:55 PST 2021","Mon Nov 08 16:33:31 PST 2021","","","35","100% (6/6)","100% (6/6)","100% (6/6)","Great support and help through the entire process.","Real"
"3PKJ68EHEW293LW5TD5KUCB388HHJG","30EHNVFQM89B7ILYXOUZPH5BHM0B1W","Review analysis","Determine whether a review is fake or real","Review, text, real, fake","$0.05","Fri Nov 05 17:31:23 PDT 2021","5","BatchId:4594578;OriginalHitTemplateId:928390909;","3600","259200","Fri Nov 12 16:31:23 PST 2021","","","3MB8LZR5BPZ8MLI7SLPWC30AGIILKG","A2H90QIP05I3LU","Approved","Fri Nov 05 17:32:33 PDT 2021","Fri Nov 05 17:32:41 PDT 2021","Mon Nov 08 16:32:41 PST 2021","Mon Nov 08 16:32:45 PST 2021","","","8","100% (16/16)","100% (16/16)","100% (16/16)","Great support and help through the entire process.","Real"
"3PKJ68EHEW293LW5TD5KUCB388HHJG","30EHNVFQM89B7ILYXOUZPH5BHM0B1W","Review analysis","Determine whether a review is fake or real","Review, text, real, fake","$0.05","Fri Nov 05 17:31:23 PDT 2021","5","BatchId:4594578;OriginalHitTemplateId:928390909;","3600","259200","Fri Nov 12 16:31:23 PST 2021","","","3B837J3LDY2HD2QS2EVUP10J34KSRU","A3TNLC6XGYNDKS","Approved","Fri Nov 05 17:32:04 PDT 2021","Fri Nov 05 17:32:23 PDT 2021","Mon Nov 08 16:32:23 PST 2021","Mon Nov 08 16:32:39 PST 2021","","","19","100% (25/25)","100% (25/25)","100% (25/25)","Great support and help through the entire process.","Real"
"3PKJ68EHEW293LW5TD5KUCB388HHJG","30EHNVFQM89B7ILYXOUZPH5BHM0B1W","Review analysis","Determine whether a review is fake or real","Review, text, real, fake","$0.05","Fri Nov 05 17:31:23 PDT 2021","5","BatchId:4594578;OriginalHitTemplateId:928390909;","3600","259200","Fri Nov 12 16:31:23 PST 2021","","","37WLF8U1WZWQ30F05HJUNKIDQO6K6M","A3VOMC0I1ZVWT","Approved","Fri Nov 05 18:34:28 PDT 2021","Fri Nov 05 18:41:22 PDT 2021","Mon Nov 08 17:41:22 PST 2021","Mon Nov 08 17:41:29 PST 2021","","","414","100% (9/9)","100% (9/9)","100% (9/9)","Great support and help through the entire process.","Real"
"3PKJ68EHEW293LW5TD5KUCB388HHJG","30EHNVFQM89B7ILYXOUZPH5BHM0B1W","Review analysis","Determine whether a review is fake or real","Review, text, real, fake","$0.05","Fri Nov 05 17:31:23 PDT 2021","5","BatchId:4594578;OriginalHitTemplateId:928390909;","3600","259200","Fri Nov 12 16:31:23 PST 2021","","","3A4NIXBJ7G53C9IADX2CRGSE5NEMLN","AEUV7R2K2QEUV","Approved","Fri Nov 05 17:33:48 PDT 2021","Fri Nov 05 17:34:01 PDT 2021","Mon Nov 08 16:34:01 PST 2021","Mon Nov 08 16:34:32 PST 2021","","","13","100% (6/6)","100% (6/6)","100% (6/6)","Great support and help through the entire process.","Real"
"3UOMW19E7MCAFE64IJNPIBVIDFHC5G","30EHNVFQM89B7ILYXOUZPH5BHM0B1W","Review analysis","Determine whether a review is fake or real","Review, text, real, fake","$0.05","Fri Nov 05 17:31:23 PDT 2021","5","BatchId:4594578;OriginalHitTemplateId:928390909;","3600","259200","Fri Nov 12 16:31:23 PST 2021","","","33UKMF931JQV8HGZV35FZLXNT8VTTX","A1PRD9YPNCBEPB","Approved","Fri Nov 05 17:33:25 PDT 2021","Fri Nov 05 17:33:38 PDT 2021","Mon Nov 08 16:33:38 PST 2021","Mon Nov 08 16:33:43 PST 2021","","","13","100% (3/3)","100% (3/3)","100% (3/3)","Great and very quick help with refund!!!","Real"
"3UOMW19E7MCAFE64IJNPIBVIDFHC5G","30EHNVFQM89B7ILYXOUZPH5BHM0B1W","Review analysis","Determine whether a review is fake or real","Review, text, real, fake","$0.05","Fri Nov 05 17:31:23 PDT 2021","5","BatchId:4594578;OriginalHitTemplateId:928390909;","3600","259200","Fri Nov 12 16:31:23 PST 2021","","","32AT8R96GVF9TUI968QZUCN3A3OSUY","A3TNLC6XGYNDKS","Approved","Fri Nov 05 17:32:07 PDT 2021","Fri Nov 05 17:32:26 PDT 2021","Mon Nov 08 16:32:26 PST 2021","Mon Nov 08 16:32:40 PST 2021","","","19","100% (25/25)","100% (25/25)","100% (25/25)","Great and very quick help with refund!!!","Real"
"3UOMW19E7MCAFE64IJNPIBVIDFHC5G","30EHNVFQM89B7ILYXOUZPH5BHM0B1W","Review analysis","Determine whether a review is fake or real","Review, text, real, fake","$0.05","Fri Nov 05 17:31:23 PDT 2021","5","BatchId:4594578;OriginalHitTemplateId:928390909;","3600","259200","Fri Nov 12 16:31:23 PST 2021","","","3T3IWE1XGGTIG1O7EZBKUGM0923QTP","A3VOMC0I1ZVWT","Approved","Fri Nov 05 17:51:28 PDT 2021","Fri Nov 05 18:16:49 PDT 2021","Mon Nov 08 17:16:49 PST 2021","Mon Nov 08 17:17:29 PST 2021","","","1521","100% (9/9)","100% (9/9)","100% (9/9)","Great and very quick help with refund!!!","Real"
"3UOMW19E7MCAFE64IJNPIBVIDFHC5G","30EHNVFQM89B7ILYXOUZPH5BHM0B1W","Review analysis","Determine whether a review is fake or real","Review, text, real, fake","$0.05","Fri Nov 05 17:31:23 PDT 2021","5","BatchId:4594578;OriginalHitTemplateId:928390909;","3600","259200","Fri Nov 12 16:31:23 PST 2021","","","3WRFBPLXRKUSENDLJSDC89NXARXN3A","A6V1Q7728SR2J","Approved","Fri Nov 05 17:34:07 PDT 2021","Fri Nov 05 17:45:47 PDT 2021","Mon Nov 08 16:45:47 PST 2021","Mon Nov 08 16:46:29 PST 2021","","","700","100% (10/10)","100% (10/10)","100% (10/10)","Great and very quick help with refund!!!","Real"
"3UOMW19E7MCAFE64IJNPIBVIDFHC5G","30EHNVFQM89B7ILYXOUZPH5BHM0B1W","Review analysis","Determine whether a review is fake or real","Review, text, real, fake","$0.05","Fri Nov 05 17:31:23 PDT 2021","5","BatchId:4594578;OriginalHitTemplateId:928390909;","3600","259200","Fri Nov 12 16:31:23 PST 2021","","","30X31N5D6DWPEL4B0398UBB930XSAN","AKSLU0C30G3JT","Approved","Fri Nov 05 17:34:06 PDT 2021","Fri Nov 05 17:34:10 PDT 2021","Mon Nov 08 16:34:10 PST 2021","Mon Nov 08 16:34:35 PST 2021","","","4","100% (13/13)","100% (13/13)","100% (13/13)","Great and very quick help with refund!!!","Real"
"31YWE12TF9ID5GVIX8Y9U8UO5307XS","30EHNVFQM89B7ILYXOUZPH5BHM0B1W","Review analysis","Determine whether a review is fake or real","Review, text, real, fake","$0.05","Fri Nov 05 17:31:23 PDT 2021","5","BatchId:4594578;OriginalHitTemplateId:928390909;","3600","259200","Fri Nov 12 16:31:23 PST 2021","","","3QFUFYSY98L18RJ8LIZIA96UM074F5","A2519LCLPN7Y6I","Approved","Fri Nov 05 17:33:37 PDT 2021","Fri Nov 05 17:33:49 PDT 2021","Mon Nov 08 16:33:49 PST 2021","Mon Nov 08 16:34:29 PST 2021","","","12","100% (10/10)","100% (10/10)","100% (10/10)","Always love my seasonings! Fast delivery and great taste!","Fake"
"31YWE12TF9ID5GVIX8Y9U8UO5307XS","30EHNVFQM89B7ILYXOUZPH5BHM0B1W","Review analysis","Determine whether a review is fake or real","Review, text, real, fake","$0.05","Fri Nov 05 17:31:23 PDT 2021","5","BatchId:4594578;OriginalHitTemplateId:928390909;","3600","259200","Fri Nov 12 16:31:23 PST 2021","","","3A7Y0R2P2YU8BVTEOJS8MIVK82SXJF","A3TNLC6XGYNDKS","Approved","Fri Nov 05 17:31:54 PDT 2021","Fri Nov 05 17:32:00 PDT 2021","Mon Nov 08 16:32:00 PST 2021","Mon Nov 08 16:32:33 PST 2021","","","6","100% (25/25)","100% (25/25)","100% (25/25)","Always love my seasonings! Fast delivery and great taste!","Real"
"31YWE12TF9ID5GVIX8Y9U8UO5307XS","30EHNVFQM89B7ILYXOUZPH5BHM0B1W","Review analysis","Determine whether a review is fake or real","Review, text, real, fake","$0.05","Fri Nov 05 17:31:23 PDT 2021","5","BatchId:4594578;OriginalHitTemplateId:928390909;","3600","259200","Fri Nov 12 16:31:23 PST 2021","","","3QIYRE09YDNW4KZ6WOZTKG80C7JN1I","A6V1Q7728SR2J","Approved","Fri Nov 05 17:34:05 PDT 2021","Fri Nov 05 17:45:26 PDT 2021","Mon Nov 08 16:45:26 PST 2021","Mon Nov 08 16:45:38 PST 2021","","","681","100% (10/10)","100% (10/10)","100% (10/10)","Always love my seasonings! Fast delivery and great taste!","Real"
"31YWE12TF9ID5GVIX8Y9U8UO5307XS","30EHNVFQM89B7ILYXOUZPH5BHM0B1W","Review analysis","Determine whether a review is fake or real","Review, text, real, fake","$0.05","Fri Nov 05 17:31:23 PDT 2021","5","BatchId:4594578;OriginalHitTemplateId:928390909;","3600","259200","Fri Nov 12 16:31:23 PST 2021","","","3RWE2M8QWRGWXVEO05VT6BPQ7FDN0F","AEGRFC72Y8QHV","Approved","Fri Nov 05 17:34:05 PDT 2021","Fri Nov 05 17:34:41 PDT 2021","Mon Nov 08 16:34:41 PST 2021","Mon Nov 08 16:34:43 PST 2021","","","36","100% (8/8)","100% (8/8)","100% (8/8)","Always love my seasonings! Fast delivery and great taste!","Fake"
"31YWE12TF9ID5GVIX8Y9U8UO5307XS","30EHNVFQM89B7ILYXOUZPH5BHM0B1W","Review analysis","Determine whether a review is fake or real","Review, text, real, fake","$0.05","Fri Nov 05 17:31:23 PDT 2021","5","BatchId:4594578;OriginalHitTemplateId:928390909;","3600","259200","Fri Nov 12 16:31:23 PST 2021","","","3B4YI393VJ2TEHQ5H3VZFB5FP65SSK","AEUV7R2K2QEUV","Approved","Fri Nov 05 17:36:56 PDT 2021","Fri Nov 05 17:37:28 PDT 2021","Mon Nov 08 16:37:28 PST 2021","Mon Nov 08 16:37:39 PST 2021","","","32","100% (6/6)","100% (6/6)","100% (6/6)","Always love my seasonings! Fast delivery and great taste!","Real"
"33P2GD6NSWY4E52NBY5WVRBGNXHHKF","30EHNVFQM89B7ILYXOUZPH5BHM0B1W","Review analysis","Determine whether a review is fake or real","Review, text, real, fake","$0.05","Fri Nov 05 17:31:23 PDT 2021","5","BatchId:4594578;OriginalHitTemplateId:928390909;","3600","259200","Fri Nov 12 16:31:23 PST 2021","","","3ZAZR5XV0BOA8CNNF9Z7WZY0QIHZC0","A2H90QIP05I3LU","Approved","Fri Nov 05 17:33:10 PDT 2021","Fri Nov 05 17:33:15 PDT 2021","Mon Nov 08 16:33:15 PST 2021","Mon Nov 08 16:33:36 PST 2021","","","5","100% (16/16)","100% (16/16)","100% (16/16)","Size came back great","Real"
"33P2GD6NSWY4E52NBY5WVRBGNXHHKF","30EHNVFQM89B7ILYXOUZPH5BHM0B1W","Review analysis","Determine whether a review is fake or real","Review, text, real, fake","$0.05","Fri Nov 05 17:31:23 PDT 2021","5","BatchId:4594578;OriginalHitTemplateId:928390909;","3600","259200","Fri Nov 12 16:31:23 PST 2021","","","3Y4W8Q93L9Q34KORE85FVZ3MN7NVDW","A3TNLC6XGYNDKS","Approved","Fri Nov 05 17:32:10 PDT 2021","Fri Nov 05 17:32:29 PDT 2021","Mon Nov 08 16:32:29 PST 2021","Mon Nov 08 16:32:41 PST 2021","","","19","100% (25/25)","100% (25/25)","100% (25/25)","Size came back great","Real"
"33P2GD6NSWY4E52NBY5WVRBGNXHHKF","30EHNVFQM89B7ILYXOUZPH5BHM0B1W","Review analysis","Determine whether a review is fake or real","Review, text, real, fake","$0.05","Fri Nov 05 17:31:23 PDT 2021","5","BatchId:4594578;OriginalHitTemplateId:928390909;","3600","259200","Fri Nov 12 16:31:23 PST 2021","","","3BDCF01OG7036Q7OW0QNLBFLEXSLYC","A3VOMC0I1ZVWT","Approved","Fri Nov 05 17:35:22 PDT 2021","Fri Nov 05 17:36:01 PDT 2021","Mon Nov 08 16:36:01 PST 2021","Mon Nov 08 16:36:32 PST 2021","","","39","100% (9/9)","100% (9/9)","100% (9/9)","Size came back great","Real"
"33P2GD6NSWY4E52NBY5WVRBGNXHHKF","30EHNVFQM89B7ILYXOUZPH5BHM0B1W","Review analysis","Determine whether a review is fake or real","Review, text, real, fake","$0.05","Fri Nov 05 17:31:23 PDT 2021","5","BatchId:4594578;OriginalHitTemplateId:928390909;","3600","259200","Fri Nov 12 16:31:23 PST 2021","","","3ZAZR5XV0BOA8CNNF9Z7WZY0QJUZCF","AGSTKZDZ43HNN","Approved","Fri Nov 05 18:33:26 PDT 2021","Fri Nov 05 18:33:50 PDT 2021","Mon Nov 08 17:33:50 PST 2021","Mon Nov 08 17:34:29 PST 2021","","","24","100% (1/1)","100% (1/1)","100% (1/1)","Size came back great","Real"
"33P2GD6NSWY4E52NBY5WVRBGNXHHKF","30EHNVFQM89B7ILYXOUZPH5BHM0B1W","Review analysis","Determine whether a review is fake or real","Review, text, real, fake","$0.05","Fri Nov 05 17:31:23 PDT 2021","5","BatchId:4594578;OriginalHitTemplateId:928390909;","3600","259200","Fri Nov 12 16:31:23 PST 2021","","","35GCEFQ6IFUMVCR4MGO63WU6K54Z32","AKSLU0C30G3JT","Approved","Fri Nov 05 17:33:03 PDT 2021","Fri Nov 05 17:33:07 PDT 2021","Mon Nov 08 16:33:07 PST 2021","Mon Nov 08 16:33:34 PST 2021","","","4","100% (13/13)","100% (13/13)","100% (13/13)","Size came back great","Fake"
"3JGHED38FMX25LLS24KBDM1X79U7YY","30EHNVFQM89B7ILYXOUZPH5BHM0B1W","Review analysis","Determine whether a review is fake or real","Review, text, real, fake","$0.05","Fri Nov 05 17:31:23 PDT 2021","5","BatchId:4594578;OriginalHitTemplateId:928390909;","3600","259200","Fri Nov 12 16:31:23 PST 2021","","","3YMU66OBIXE1Y33YB9PJMJFASKTHG3","A2H90QIP05I3LU","Approved","Fri Nov 05 17:33:41 PDT 2021","Fri Nov 05 17:33:47 PDT 2021","Mon Nov 08 16:33:47 PST 2021","Mon Nov 08 16:34:28 PST 2021","","","6","100% (16/16)","100% (16/16)","100% (16/16)","Easy to find the part I needed which was delivered quickly.","Fake"
"3JGHED38FMX25LLS24KBDM1X79U7YY","30EHNVFQM89B7ILYXOUZPH5BHM0B1W","Review analysis","Determine whether a review is fake or real","Review, text, real, fake","$0.05","Fri Nov 05 17:31:23 PDT 2021","5","BatchId:4594578;OriginalHitTemplateId:928390909;","3600","259200","Fri Nov 12 16:31:23 PST 2021","","","36DSNE9QZF4LHMFMNS5C354RWYNOJ1","A3TNLC6XGYNDKS","Approved","Fri Nov 05 17:32:41 PDT 2021","Fri Nov 05 17:33:02 PDT 2021","Mon Nov 08 16:33:02 PST 2021","Mon Nov 08 16:33:32 PST 2021","","","21","100% (25/25)","100% (25/25)","100% (25/25)","Easy to find the part I needed which was delivered quickly.","Real"
"3JGHED38FMX25LLS24KBDM1X79U7YY","30EHNVFQM89B7ILYXOUZPH5BHM0B1W","Review analysis","Determine whether a review is fake or real","Review, text, real, fake","$0.05","Fri Nov 05 17:31:23 PDT 2021","5","BatchId:4594578;OriginalHitTemplateId:928390909;","3600","259200","Fri Nov 12 16:31:23 PST 2021","","","3FE2ERCCZ7EH3XIKI5AW01Q35XUPO3","A6V1Q7728SR2J","Approved","Fri Nov 05 17:34:04 PDT 2021","Fri Nov 05 17:45:10 PDT 2021","Mon Nov 08 16:45:10 PST 2021","Mon Nov 08 16:45:34 PST 2021","","","666","100% (10/10)","100% (10/10)","100% (10/10)","Easy to find the part I needed which was delivered quickly.","Real"
"3JGHED38FMX25LLS24KBDM1X79U7YY","30EHNVFQM89B7ILYXOUZPH5BHM0B1W","Review analysis","Determine whether a review is fake or real","Review, text, real, fake","$0.05","Fri Nov 05 17:31:23 PDT 2021","5","BatchId:4594578;OriginalHitTemplateId:928390909;","3600","259200","Fri Nov 12 16:31:23 PST 2021","","","3RRCEFRB7WIBVA7SGGDMRJF972FB4U","AEGRFC72Y8QHV","Approved","Fri Nov 05 17:34:08 PDT 2021","Fri Nov 05 17:35:05 PDT 2021","Mon Nov 08 16:35:05 PST 2021","Mon Nov 08 16:35:34 PST 2021","","","57","100% (8/8)","100% (8/8)","100% (8/8)","Easy to find the part I needed which was delivered quickly.","Fake"
"3JGHED38FMX25LLS24KBDM1X79U7YY","30EHNVFQM89B7ILYXOUZPH5BHM0B1W","Review analysis","Determine whether a review is fake or real","Review, text, real, fake","$0.05","Fri Nov 05 17:31:23 PDT 2021","5","BatchId:4594578;OriginalHitTemplateId:928390909;","3600","259200","Fri Nov 12 16:31:23 PST 2021","","","3MHW492WWAJ68EU4R14IEPQGWLGMV6","AEUV7R2K2QEUV","Approved","Fri Nov 05 17:34:02 PDT 2021","Fri Nov 05 17:34:15 PDT 2021","Mon Nov 08 16:34:15 PST 2021","Mon Nov 08 16:34:36 PST 2021","","","13","100% (6/6)","100% (6/6)","100% (6/6)","Easy to find the part I needed which was delivered quickly.","Real"
"3I7KR83SOJJBZZK4DMH4IADS4K9K9S","30EHNVFQM89B7ILYXOUZPH5BHM0B1W","Review analysis","Determine whether a review is fake or real","Review, text, real, fake","$0.05","Fri Nov 05 17:31:23 PDT 2021","5","BatchId:4594578;OriginalHitTemplateId:928390909;","3600","259200","Fri Nov 12 16:31:23 PST 2021","","","3K2755HG529E8N21ET0BDD00ZD0DFR","A2YZA00VJ8X6NQ","Approved","Fri Nov 05 17:34:01 PDT 2021","Fri Nov 05 17:34:21 PDT 2021","Mon Nov 08 16:34:21 PST 2021","Mon Nov 08 16:34:38 PST 2021","","","20","100% (4/4)","100% (4/4)","100% (4/4)","Chat Agent-was very helpful!","Real"
"3I7KR83SOJJBZZK4DMH4IADS4K9K9S","30EHNVFQM89B7ILYXOUZPH5BHM0B1W","Review analysis","Determine whether a review is fake or real","Review, text, real, fake","$0.05","Fri Nov 05 17:31:23 PDT 2021","5","BatchId:4594578;OriginalHitTemplateId:928390909;","3600","259200","Fri Nov 12 16:31:23 PST 2021","","","3KOPY89HMI8WVXM04ULKF26G17RJ31","A3TNLC6XGYNDKS","Approved","Fri Nov 05 17:32:12 PDT 2021","Fri Nov 05 17:32:32 PDT 2021","Mon Nov 08 16:32:32 PST 2021","Mon Nov 08 16:32:42 PST 2021","","","20","100% (25/25)","100% (25/25)","100% (25/25)","Chat Agent-was very helpful!","Real"
"3I7KR83SOJJBZZK4DMH4IADS4K9K9S","30EHNVFQM89B7ILYXOUZPH5BHM0B1W","Review analysis","Determine whether a review is fake or real","Review, text, real, fake","$0.05","Fri Nov 05 17:31:23 PDT 2021","5","BatchId:4594578;OriginalHitTemplateId:928390909;","3600","259200","Fri Nov 12 16:31:23 PST 2021","","","3E1QT0TDFZFM1J80YTVGUIZR4EVI8H","A6V1Q7728SR2J","Approved","Fri Nov 05 17:34:04 PDT 2021","Fri Nov 05 17:45:00 PDT 2021","Mon Nov 08 16:45:00 PST 2021","Mon Nov 08 16:45:32 PST 2021","","","656","100% (10/10)","100% (10/10)","100% (10/10)","Chat Agent-was very helpful!","Real"
"3I7KR83SOJJBZZK4DMH4IADS4K9K9S","30EHNVFQM89B7ILYXOUZPH5BHM0B1W","Review analysis","Determine whether a review is fake or real","Review, text, real, fake","$0.05","Fri Nov 05 17:31:23 PDT 2021","5","BatchId:4594578;OriginalHitTemplateId:928390909;","3600","259200","Fri Nov 12 16:31:23 PST 2021","","","34X6J5FLP34O2YS225XGSAZRBZ5QJB","AKSLU0C30G3JT","Approved","Fri Nov 05 17:32:56 PDT 2021","Fri Nov 05 17:33:02 PDT 2021","Mon Nov 08 16:33:02 PST 2021","Mon Nov 08 16:33:32 PST 2021","","","6","100% (13/13)","100% (13/13)","100% (13/13)","Chat Agent-was very helpful!","Real"
"3I7KR83SOJJBZZK4DMH4IADS4K9K9S","30EHNVFQM89B7ILYXOUZPH5BHM0B1W","Review analysis","Determine whether a review is fake or real","Review, text, real, fake","$0.05","Fri Nov 05 17:31:23 PDT 2021","5","BatchId:4594578;OriginalHitTemplateId:928390909;","3600","259200","Fri Nov 12 16:31:23 PST 2021","","","3Y4W8Q93L9Q34KORE85FVZ3MN7ODVF","AUNX1G4IZUO2","Approved","Fri Nov 05 17:34:12 PDT 2021","Fri Nov 05 17:34:23 PDT 2021","Mon Nov 08 16:34:23 PST 2021","Mon Nov 08 16:34:38 PST 2021","","","11","100% (9/9)","100% (9/9)","100% (9/9)","Chat Agent-was very helpful!","Fake"
"3P7RGTLO7NJP4IU95SV4E5OCA2RKA7","30EHNVFQM89B7ILYXOUZPH5BHM0B1W","Review analysis","Determine whether a review is fake or real","Review, text, real, fake","$0.05","Fri Nov 05 17:31:23 PDT 2021","5","BatchId:4594578;OriginalHitTemplateId:928390909;","3600","259200","Fri Nov 12 16:31:23 PST 2021","","","3MYYFCXHJDD7MRF3W250SU66NF74G4","A1PRD9YPNCBEPB","Approved","Fri Nov 05 17:33:38 PDT 2021","Fri Nov 05 17:33:59 PDT 2021","Mon Nov 08 16:33:59 PST 2021","Mon Nov 08 16:34:31 PST 2021","","","21","100% (3/3)","100% (3/3)","100% (3/3)","Great Company and Great service","Real"
"3P7RGTLO7NJP4IU95SV4E5OCA2RKA7","30EHNVFQM89B7ILYXOUZPH5BHM0B1W","Review analysis","Determine whether a review is fake or real","Review, text, real, fake","$0.05","Fri Nov 05 17:31:23 PDT 2021","5","BatchId:4594578;OriginalHitTemplateId:928390909;","3600","259200","Fri Nov 12 16:31:23 PST 2021","","","3RSDURM96KSP0KXWFE3J8GP150QYE1","A2519LCLPN7Y6I","Approved","Fri Nov 05 17:32:36 PDT 2021","Fri Nov 05 17:32:56 PDT 2021","Mon Nov 08 16:32:56 PST 2021","Mon Nov 08 16:33:31 PST 2021","","","20","100% (10/10)","100% (10/10)","100% (10/10)","Great Company and Great service","Real"
"3P7RGTLO7NJP4IU95SV4E5OCA2RKA7","30EHNVFQM89B7ILYXOUZPH5BHM0B1W","Review analysis","Determine whether a review is fake or real","Review, text, real, fake","$0.05","Fri Nov 05 17:31:23 PDT 2021","5","BatchId:4594578;OriginalHitTemplateId:928390909;","3600","259200","Fri Nov 12 16:31:23 PST 2021","","","3300DTYQTCNGRI6AO4MPVUMZ6R9QEQ","A2H90QIP05I3LU","Approved","Fri Nov 05 17:32:50 PDT 2021","Fri Nov 05 17:32:55 PDT 2021","Mon Nov 08 16:32:55 PST 2021","Mon Nov 08 16:33:30 PST 2021","","","5","100% (16/16)","100% (16/16)","100% (16/16)","Great Company and Great service","Real"
"3P7RGTLO7NJP4IU95SV4E5OCA2RKA7","30EHNVFQM89B7ILYXOUZPH5BHM0B1W","Review analysis","Determine whether a review is fake or real","Review, text, real, fake","$0.05","Fri Nov 05 17:31:23 PDT 2021","5","BatchId:4594578;OriginalHitTemplateId:928390909;","3600","259200","Fri Nov 12 16:31:23 PST 2021","","","3G5F9DBFOZ3KG0TT04O5MKIKFZGVH5","A3TNLC6XGYNDKS","Approved","Fri Nov 05 17:32:15 PDT 2021","Fri Nov 05 17:32:35 PDT 2021","Mon Nov 08 16:32:35 PST 2021","Mon Nov 08 16:32:43 PST 2021","","","20","100% (25/25)","100% (25/25)","100% (25/25)","Great Company and Great service","Real"
"3P7RGTLO7NJP4IU95SV4E5OCA2RKA7","30EHNVFQM89B7ILYXOUZPH5BHM0B1W","Review analysis","Determine whether a review is fake or real","Review, text, real, fake","$0.05","Fri Nov 05 17:31:23 PDT 2021","5","BatchId:4594578;OriginalHitTemplateId:928390909;","3600","259200","Fri Nov 12 16:31:23 PST 2021","","","3TK8OJTYMBRCTHRHJHWAVTKB1QQPV4","A6V1Q7728SR2J","Approved","Fri Nov 05 17:32:16 PDT 2021","Fri Nov 05 17:32:36 PDT 2021","Mon Nov 08 16:32:36 PST 2021","Mon Nov 08 16:32:43 PST 2021","","","20","100% (10/10)","100% (10/10)","100% (10/10)","Great Company and Great service","Real"
"3PR3LXCWTO5HJZJBC5WT84LU0TO9X6","30EHNVFQM89B7ILYXOUZPH5BHM0B1W","Review analysis","Determine whether a review is fake or real","Review, text, real, fake","$0.05","Fri Nov 05 17:31:23 PDT 2021","5","BatchId:4594578;OriginalHitTemplateId:928390909;","3600","259200","Fri Nov 12 16:31:23 PST 2021","","","3H8DHMCCWJHPO9UFF4R8TQS579GDKS","A2519LCLPN7Y6I","Approved","Fri Nov 05 17:32:04 PDT 2021","Fri Nov 05 17:32:21 PDT 2021","Mon Nov 08 16:32:21 PST 2021","Mon Nov 08 16:32:39 PST 2021","","","17","100% (10/10)","100% (10/10)","100% (10/10)","Fast delivery & what I needed","Real"
"3PR3LXCWTO5HJZJBC5WT84LU0TO9X6","30EHNVFQM89B7ILYXOUZPH5BHM0B1W","Review analysis","Determine whether a review is fake or real","Review, text, real, fake","$0.05","Fri Nov 05 17:31:23 PDT 2021","5","BatchId:4594578;OriginalHitTemplateId:928390909;","3600","259200","Fri Nov 12 16:31:23 PST 2021","","","3MH9DQ7576I63P9IB8WI5Y40MSUUGG","A2H90QIP05I3LU","Approved","Fri Nov 05 17:33:32 PDT 2021","Fri Nov 05 17:33:40 PDT 2021","Mon Nov 08 16:33:40 PST 2021","Mon Nov 08 16:33:44 PST 2021","","","8","100% (16/16)","100% (16/16)","100% (16/16)","Fast delivery & what I needed","Real"
"3PR3LXCWTO5HJZJBC5WT84LU0TO9X6","30EHNVFQM89B7ILYXOUZPH5BHM0B1W","Review analysis","Determine whether a review is fake or real","Review, text, real, fake","$0.05","Fri Nov 05 17:31:23 PDT 2021","5","BatchId:4594578;OriginalHitTemplateId:928390909;","3600","259200","Fri Nov 12 16:31:23 PST 2021","","","3F0BG9B9MZT4R5IMS6PD26XKJDMY7F","A3TNLC6XGYNDKS","Approved","Fri Nov 05 17:32:21 PDT 2021","Fri Nov 05 17:32:40 PDT 2021","Mon Nov 08 16:32:40 PST 2021","Mon Nov 08 16:32:45 PST 2021","","","19","100% (25/25)","100% (25/25)","100% (25/25)","Fast delivery & what I needed","Real"
"3PR3LXCWTO5HJZJBC5WT84LU0TO9X6","30EHNVFQM89B7ILYXOUZPH5BHM0B1W","Review analysis","Determine whether a review is fake or real","Review, text, real, fake","$0.05","Fri Nov 05 17:31:23 PDT 2021","5","BatchId:4594578;OriginalHitTemplateId:928390909;","3600","259200","Fri Nov 12 16:31:23 PST 2021","","","34Z02EIMI2JUS8J8X1H5FAVIWXZ0TT","A6V1Q7728SR2J","Approved","Fri Nov 05 17:32:45 PDT 2021","Fri Nov 05 17:43:37 PDT 2021","Mon Nov 08 16:43:37 PST 2021","Mon Nov 08 16:43:43 PST 2021","","","652","100% (10/10)","100% (10/10)","100% (10/10)","Fast delivery & what I needed","Real"
"3PR3LXCWTO5HJZJBC5WT84LU0TO9X6","30EHNVFQM89B7ILYXOUZPH5BHM0B1W","Review analysis","Determine whether a review is fake or real","Review, text, real, fake","$0.05","Fri Nov 05 17:31:23 PDT 2021","5","BatchId:4594578;OriginalHitTemplateId:928390909;","3600","259200","Fri Nov 12 16:31:23 PST 2021","","","3ZWFC4W1U4D89XL6WUVVI2H4EEQRFA","AUNX1G4IZUO2","Approved","Fri Nov 05 17:33:31 PDT 2021","Fri Nov 05 17:33:42 PDT 2021","Mon Nov 08 16:33:42 PST 2021","Mon Nov 08 16:33:45 PST 2021","","","11","100% (9/9)","100% (9/9)","100% (9/9)","Fast delivery & what I needed","Fake"
"3JMNNNO3CAARUFTMHRLSWYZ9LL82WE","30EHNVFQM89B7ILYXOUZPH5BHM0B1W","Review analysis","Determine whether a review is fake or real","Review, text, real, fake","$0.05","Fri Nov 05 17:31:23 PDT 2021","5","BatchId:4594578;OriginalHitTemplateId:928390909;","3600","259200","Fri Nov 12 16:31:23 PST 2021","","","3JPSL1DZ525SY8C6S7SMVH13G1PNA6","A2519LCLPN7Y6I","Approved","Fri Nov 05 17:34:15 PDT 2021","Fri Nov 05 17:34:27 PDT 2021","Mon Nov 08 16:34:27 PST 2021","Mon Nov 08 16:34:39 PST 2021","","","12","100% (10/10)","100% (10/10)","100% (10/10)","Hi... after my review Specsavers solved my issue.","Real"
"3JMNNNO3CAARUFTMHRLSWYZ9LL82WE","30EHNVFQM89B7ILYXOUZPH5BHM0B1W","Review analysis","Determine whether a review is fake or real","Review, text, real, fake","$0.05","Fri Nov 05 17:31:23 PDT 2021","5","BatchId:4594578;OriginalHitTemplateId:928390909;","3600","259200","Fri Nov 12 16:31:23 PST 2021","","","3U4J9857OOH8EXPBIEBTUVZJY44B7D","A26Z3YPJ8RYJQJ","Approved","Fri Nov 05 17:31:56 PDT 2021","Fri Nov 05 17:32:06 PDT 2021","Mon Nov 08 16:32:06 PST 2021","Mon Nov 08 16:32:34 PST 2021","","","10","100% (6/6)","100% (6/6)","100% (6/6)","Hi... after my review Specsavers solved my issue.","Fake"
"3JMNNNO3CAARUFTMHRLSWYZ9LL82WE","30EHNVFQM89B7ILYXOUZPH5BHM0B1W","Review analysis","Determine whether a review is fake or real","Review, text, real, fake","$0.05","Fri Nov 05 17:31:23 PDT 2021","5","BatchId:4594578;OriginalHitTemplateId:928390909;","3600","259200","Fri Nov 12 16:31:23 PST 2021","","","35GCEFQ6IFUMVCR4MGO63WU6K553Z7","A2H90QIP05I3LU","Approved","Fri Nov 05 17:33:16 PDT 2021","Fri Nov 05 17:33:24 PDT 2021","Mon Nov 08 16:33:24 PST 2021","Mon Nov 08 16:33:39 PST 2021","","","8","100% (16/16)","100% (16/16)","100% (16/16)","Hi... after my review Specsavers solved my issue.","Real"
"3JMNNNO3CAARUFTMHRLSWYZ9LL82WE","30EHNVFQM89B7ILYXOUZPH5BHM0B1W","Review analysis","Determine whether a review is fake or real","Review, text, real, fake","$0.05","Fri Nov 05 17:31:23 PDT 2021","5","BatchId:4594578;OriginalHitTemplateId:928390909;","3600","259200","Fri Nov 12 16:31:23 PST 2021","","","3MRNMEIQWFC08FCX04398Q5KW9LDLV","A3TNLC6XGYNDKS","Approved","Fri Nov 05 17:31:52 PDT 2021","Fri Nov 05 17:32:18 PDT 2021","Mon Nov 08 16:32:18 PST 2021","Mon Nov 08 16:32:38 PST 2021","","","26","100% (25/25)","100% (25/25)","100% (25/25)","Hi... after my review Specsavers solved my issue.","Real"
"3JMNNNO3CAARUFTMHRLSWYZ9LL82WE","30EHNVFQM89B7ILYXOUZPH5BHM0B1W","Review analysis","Determine whether a review is fake or real","Review, text, real, fake","$0.05","Fri Nov 05 17:31:23 PDT 2021","5","BatchId:4594578;OriginalHitTemplateId:928390909;","3600","259200","Fri Nov 12 16:31:23 PST 2021","","","3SEPORI8WX5MFXQPVV3GQ48CQFXAZA","AEGRFC72Y8QHV","Approved","Fri Nov 05 17:34:03 PDT 2021","Fri Nov 05 17:34:20 PDT 2021","Mon Nov 08 16:34:20 PST 2021","Mon Nov 08 16:34:38 PST 2021","","","17","100% (8/8)","100% (8/8)","100% (8/8)","Hi... after my review Specsavers solved my issue.","Fake"
"3P458N04RAN6JFYCRWHEYHDGUNE2X7","30EHNVFQM89B7ILYXOUZPH5BHM0B1W","Review analysis","Determine whether a review is fake or real","Review, text, real, fake","$0.05","Fri Nov 05 17:31:23 PDT 2021","5","BatchId:4594578;OriginalHitTemplateId:928390909;","3600","259200","Fri Nov 12 16:31:23 PST 2021","","","3LOTDFNYAH5DHT2SVO5151PL6T5WFI","A26Z3YPJ8RYJQJ","Approved","Fri Nov 05 17:32:55 PDT 2021","Fri Nov 05 17:33:40 PDT 2021","Mon Nov 08 16:33:40 PST 2021","Mon Nov 08 16:33:45 PST 2021","","","45","100% (6/6)","100% (6/6)","100% (6/6)","Fantastic service with a personal touch which was nice. Thank you!","Real"
"3P458N04RAN6JFYCRWHEYHDGUNE2X7","30EHNVFQM89B7ILYXOUZPH5BHM0B1W","Review analysis","Determine whether a review is fake or real","Review, text, real, fake","$0.05","Fri Nov 05 17:31:23 PDT 2021","5","BatchId:4594578;OriginalHitTemplateId:928390909;","3600","259200","Fri Nov 12 16:31:23 PST 2021","","","3QXNC7EIPS1B8TAUZVCOOAU62QW902","A2JFSWK6DWXARQ","Approved","Fri Nov 05 17:33:51 PDT 2021","Fri Nov 05 17:42:50 PDT 2021","Mon Nov 08 16:42:50 PST 2021","Mon Nov 08 16:43:29 PST 2021","","","539","100% (1/1)","100% (1/1)","100% (1/1)","Fantastic service with a personal touch which was nice. Thank you!","Real"
"3P458N04RAN6JFYCRWHEYHDGUNE2X7","30EHNVFQM89B7ILYXOUZPH5BHM0B1W","Review analysis","Determine whether a review is fake or real","Review, text, real, fake","$0.05","Fri Nov 05 17:31:23 PDT 2021","5","BatchId:4594578;OriginalHitTemplateId:928390909;","3600","259200","Fri Nov 12 16:31:23 PST 2021","","","3YMTUJH0D2MBRW19G247RDLVD9ET41","A3TNLC6XGYNDKS","Approved","Fri Nov 05 17:32:24 PDT 2021","Fri Nov 05 17:32:43 PDT 2021","Mon Nov 08 16:32:43 PST 2021","Mon Nov 08 16:32:46 PST 2021","","","19","100% (25/25)","100% (25/25)","100% (25/25)","Fantastic service with a personal touch which was nice. Thank you!","Real"
"3P458N04RAN6JFYCRWHEYHDGUNE2X7","30EHNVFQM89B7ILYXOUZPH5BHM0B1W","Review analysis","Determine whether a review is fake or real","Review, text, real, fake","$0.05","Fri Nov 05 17:31:23 PDT 2021","5","BatchId:4594578;OriginalHitTemplateId:928390909;","3600","259200","Fri Nov 12 16:31:23 PST 2021","","","3GNCZX450STS1TOJ8M5EZ66YGGQAPP","AKSLU0C30G3JT","Approved","Fri Nov 05 17:34:00 PDT 2021","Fri Nov 05 17:34:05 PDT 2021","Mon Nov 08 16:34:05 PST 2021","Mon Nov 08 16:34:33 PST 2021","","","5","100% (13/13)","100% (13/13)","100% (13/13)","Fantastic service with a personal touch which was nice. Thank you!","Real"
"3P458N04RAN6JFYCRWHEYHDGUNE2X7","30EHNVFQM89B7ILYXOUZPH5BHM0B1W","Review analysis","Determine whether a review is fake or real","Review, text, real, fake","$0.05","Fri Nov 05 17:31:23 PDT 2021","5","BatchId:4594578;OriginalHitTemplateId:928390909;","3600","259200","Fri Nov 12 16:31:23 PST 2021","","","3LJ7UR74RRJDWJWPJ6IVIEF3ORT4NC","AUNX1G4IZUO2","Approved","Fri Nov 05 17:33:53 PDT 2021","Fri Nov 05 17:34:03 PDT 2021","Mon Nov 08 16:34:03 PST 2021","Mon Nov 08 16:34:33 PST 2021","","","10","100% (9/9)","100% (9/9)","100% (9/9)","Fantastic service with a personal touch which was nice. Thank you!","Real"
"3M7OI89LW7U6YI6IN2XUAH9I9ASC6W","30EHNVFQM89B7ILYXOUZPH5BHM0B1W","Review analysis","Determine whether a review is fake or real","Review, text, real, fake","$0.05","Fri Nov 05 17:31:23 PDT 2021","5","BatchId:4594578;OriginalHitTemplateId:928390909;","3600","259200","Fri Nov 12 16:31:23 PST 2021","","","3I3WADAZ90ADAN01YQ1I2VLMEXSO5F","A2H90QIP05I3LU","Approved","Fri Nov 05 17:32:21 PDT 2021","Fri Nov 05 17:32:32 PDT 2021","Mon Nov 08 16:32:32 PST 2021","Mon Nov 08 16:32:42 PST 2021","","","11","100% (16/16)","100% (16/16)","100% (16/16)","SMM Panel is a Social Media Marketing website. I was delighted with this and the excellent service it provides.  thank you very much for this.","Real"
"3M7OI89LW7U6YI6IN2XUAH9I9ASC6W","30EHNVFQM89B7ILYXOUZPH5BHM0B1W","Review analysis","Determine whether a review is fake or real","Review, text, real, fake","$0.05","Fri Nov 05 17:31:23 PDT 2021","5","BatchId:4594578;OriginalHitTemplateId:928390909;","3600","259200","Fri Nov 12 16:31:23 PST 2021","","","3VBEN272MU5QOCHEM31IQXMC1V9SGY","A3TNLC6XGYNDKS","Approved","Fri Nov 05 17:31:49 PDT 2021","Fri Nov 05 17:32:04 PDT 2021","Mon Nov 08 16:32:04 PST 2021","Mon Nov 08 16:32:34 PST 2021","","","15","100% (25/25)","100% (25/25)","100% (25/25)","SMM Panel is a Social Media Marketing website. I was delighted with this and the excellent service it provides.  thank you very much for this.","Real"
"3M7OI89LW7U6YI6IN2XUAH9I9ASC6W","30EHNVFQM89B7ILYXOUZPH5BHM0B1W","Review analysis","Determine whether a review is fake or real","Review, text, real, fake","$0.05","Fri Nov 05 17:31:23 PDT 2021","5","BatchId:4594578;OriginalHitTemplateId:928390909;","3600","259200","Fri Nov 12 16:31:23 PST 2021","","","3907X2AHFAB3WQTFV7CZTON04SYP2X","A3VOMC0I1ZVWT","Approved","Fri Nov 05 17:35:23 PDT 2021","Fri Nov 05 17:36:17 PDT 2021","Mon Nov 08 16:36:17 PST 2021","Mon Nov 08 16:36:37 PST 2021","","","54","100% (9/9)","100% (9/9)","100% (9/9)","SMM Panel is a Social Media Marketing website. I was delighted with this and the excellent service it provides.  thank you very much for this.","Real"
"3M7OI89LW7U6YI6IN2XUAH9I9ASC6W","30EHNVFQM89B7ILYXOUZPH5BHM0B1W","Review analysis","Determine whether a review is fake or real","Review, text, real, fake","$0.05","Fri Nov 05 17:31:23 PDT 2021","5","BatchId:4594578;OriginalHitTemplateId:928390909;","3600","259200","Fri Nov 12 16:31:23 PST 2021","","","38BQUHLA966BIUL7QPI4JXW80SIOM5","A6V1Q7728SR2J","Approved","Fri Nov 05 17:32:44 PDT 2021","Fri Nov 05 17:33:07 PDT 2021","Mon Nov 08 16:33:07 PST 2021","Mon Nov 08 16:33:34 PST 2021","","","23","100% (10/10)","100% (10/10)","100% (10/10)","SMM Panel is a Social Media Marketing website. I was delighted with this and the excellent service it provides.  thank you very much for this.","Real"
"3M7OI89LW7U6YI6IN2XUAH9I9ASC6W","30EHNVFQM89B7ILYXOUZPH5BHM0B1W","Review analysis","Determine whether a review is fake or real","Review, text, real, fake","$0.05","Fri Nov 05 17:31:23 PDT 2021","5","BatchId:4594578;OriginalHitTemplateId:928390909;","3600","259200","Fri Nov 12 16:31:23 PST 2021","","","34S9DKFK7DVTUQA98D62Y3JAJSRYNQ","AKSLU0C30G3JT","Approved","Fri Nov 05 17:32:49 PDT 2021","Fri Nov 05 17:32:54 PDT 2021","Mon Nov 08 16:32:54 PST 2021","Mon Nov 08 16:33:30 PST 2021","","","5","100% (13/13)","100% (13/13)","100% (13/13)","SMM Panel is a Social Media Marketing website. I was delighted with this and the excellent service it provides.  thank you very much for this.","Real"
"379OL9DBT1K6J49LH1IVRIS32ZI9YC","30EHNVFQM89B7ILYXOUZPH5BHM0B1W","Review analysis","Determine whether a review is fake or real","Review, text, real, fake","$0.05","Fri Nov 05 17:31:23 PDT 2021","5","BatchId:4594578;OriginalHitTemplateId:928390909;","3600","259200","Fri Nov 12 16:31:23 PST 2021","","","3ZGVPD4G63NRUTPY1VUXL9Y4E4HTZD","A2519LCLPN7Y6I","Approved","Fri Nov 05 17:33:09 PDT 2021","Fri Nov 05 17:33:22 PDT 2021","Mon Nov 08 16:33:22 PST 2021","Mon Nov 08 16:33:38 PST 2021","","","13","100% (10/10)","100% (10/10)","100% (10/10)","I have been using Spreaker for at least 5 years. My only complaint is that they need to not give our payments later than the date it's due.","Fake"
"379OL9DBT1K6J49LH1IVRIS32ZI9YC","30EHNVFQM89B7ILYXOUZPH5BHM0B1W","Review analysis","Determine whether a review is fake or real","Review, text, real, fake","$0.05","Fri Nov 05 17:31:23 PDT 2021","5","BatchId:4594578;OriginalHitTemplateId:928390909;","3600","259200","Fri Nov 12 16:31:23 PST 2021","","","3HUTX6F6V4TLBQHEG7ZK4OIAUN22OT","A2YZA00VJ8X6NQ","Approved","Fri Nov 05 17:33:22 PDT 2021","Fri Nov 05 17:34:00 PDT 2021","Mon Nov 08 16:34:00 PST 2021","Mon Nov 08 16:34:32 PST 2021","","","38","100% (4/4)","100% (4/4)","100% (4/4)","I have been using Spreaker for at least 5 years. My only complaint is that they need to not give our payments later than the date it's due.","Real"
"379OL9DBT1K6J49LH1IVRIS32ZI9YC","30EHNVFQM89B7ILYXOUZPH5BHM0B1W","Review analysis","Determine whether a review is fake or real","Review, text, real, fake","$0.05","Fri Nov 05 17:31:23 PDT 2021","5","BatchId:4594578;OriginalHitTemplateId:928390909;","3600","259200","Fri Nov 12 16:31:23 PST 2021","","","3YJ6NA41JLM32MRN2SIRS59H63JPJJ","A3TNLC6XGYNDKS","Approved","Fri Nov 05 17:31:50 PDT 2021","Fri Nov 05 17:32:06 PDT 2021","Mon Nov 08 16:32:06 PST 2021","Mon Nov 08 16:32:34 PST 2021","","","16","100% (25/25)","100% (25/25)","100% (25/25)","I have been using Spreaker for at least 5 years. My only complaint is that they need to not give our payments later than the date it's due.","Real"
"379OL9DBT1K6J49LH1IVRIS32ZI9YC","30EHNVFQM89B7ILYXOUZPH5BHM0B1W","Review analysis","Determine whether a review is fake or real","Review, text, real, fake","$0.05","Fri Nov 05 17:31:23 PDT 2021","5","BatchId:4594578;OriginalHitTemplateId:928390909;","3600","259200","Fri Nov 12 16:31:23 PST 2021","","","3DH6GAKTY8VNBFOSB1HWTQQJT7CYZM","A3VOMC0I1ZVWT","Approved","Fri Nov 05 18:32:27 PDT 2021","Fri Nov 05 18:40:33 PDT 2021","Mon Nov 08 17:40:33 PST 2021","Mon Nov 08 17:41:29 PST 2021","","","486","100% (9/9)","100% (9/9)","100% (9/9)","I have been using Spreaker for at least 5 years. My only complaint is that they need to not give our payments later than the date it's due.","Real"
"379OL9DBT1K6J49LH1IVRIS32ZI9YC","30EHNVFQM89B7ILYXOUZPH5BHM0B1W","Review analysis","Determine whether a review is fake or real","Review, text, real, fake","$0.05","Fri Nov 05 17:31:23 PDT 2021","5","BatchId:4594578;OriginalHitTemplateId:928390909;","3600","259200","Fri Nov 12 16:31:23 PST 2021","","","3Z4XG4ZF4IXJREXVXFVHXSM6SRZ8X7","AKSLU0C30G3JT","Approved","Fri Nov 05 17:33:09 PDT 2021","Fri Nov 05 17:33:23 PDT 2021","Mon Nov 08 16:33:23 PST 2021","Mon Nov 08 16:33:39 PST 2021","","","14","100% (13/13)","100% (13/13)","100% (13/13)","I have been using Spreaker for at least 5 years. My only complaint is that they need to not give our payments later than the date it's due.","Real"
"3QX22DUVPXN4MUXA1ZZGP5UTKHNMVF","30EHNVFQM89B7ILYXOUZPH5BHM0B1W","Review analysis","Determine whether a review is fake or real","Review, text, real, fake","$0.05","Fri Nov 05 17:31:23 PDT 2021","5","BatchId:4594578;OriginalHitTemplateId:928390909;","3600","259200","Fri Nov 12 16:31:23 PST 2021","","","3MHW492WWAJ68EU4R14IEPQGWLFVME","A2519LCLPN7Y6I","Approved","Fri Nov 05 17:32:21 PDT 2021","Fri Nov 05 17:32:36 PDT 2021","Mon Nov 08 16:32:36 PST 2021","Mon Nov 08 16:32:43 PST 2021","","","15","100% (10/10)","100% (10/10)","100% (10/10)","World of Books did an oustanding job. The book arrived in fine condition.","Real"
"3QX22DUVPXN4MUXA1ZZGP5UTKHNMVF","30EHNVFQM89B7ILYXOUZPH5BHM0B1W","Review analysis","Determine whether a review is fake or real","Review, text, real, fake","$0.05","Fri Nov 05 17:31:23 PDT 2021","5","BatchId:4594578;OriginalHitTemplateId:928390909;","3600","259200","Fri Nov 12 16:31:23 PST 2021","","","35LDD5557KASS30SSXQBCGFZGN9MKK","A2H90QIP05I3LU","Approved","Fri Nov 05 17:33:48 PDT 2021","Fri Nov 05 17:33:53 PDT 2021","Mon Nov 08 16:33:53 PST 2021","Mon Nov 08 16:34:30 PST 2021","","","5","100% (16/16)","100% (16/16)","100% (16/16)","World of Books did an oustanding job. The book arrived in fine condition.","Fake"
"3QX22DUVPXN4MUXA1ZZGP5UTKHNMVF","30EHNVFQM89B7ILYXOUZPH5BHM0B1W","Review analysis","Determine whether a review is fake or real","Review, text, real, fake","$0.05","Fri Nov 05 17:31:23 PDT 2021","5","BatchId:4594578;OriginalHitTemplateId:928390909;","3600","259200","Fri Nov 12 16:31:23 PST 2021","","","3PIWWX1FJTC7GBOP7FD7V9N5X4DJJD","A3TNLC6XGYNDKS","Approved","Fri Nov 05 17:32:32 PDT 2021","Fri Nov 05 17:32:54 PDT 2021","Mon Nov 08 16:32:54 PST 2021","Mon Nov 08 16:33:30 PST 2021","","","22","100% (25/25)","100% (25/25)","100% (25/25)","World of Books did an oustanding job. The book arrived in fine condition.","Real"
"3QX22DUVPXN4MUXA1ZZGP5UTKHNMVF","30EHNVFQM89B7ILYXOUZPH5BHM0B1W","Review analysis","Determine whether a review is fake or real","Review, text, real, fake","$0.05","Fri Nov 05 17:31:23 PDT 2021","5","BatchId:4594578;OriginalHitTemplateId:928390909;","3600","259200","Fri Nov 12 16:31:23 PST 2021","","","3QL2OFSM9GOGRN94CLOD1CRRG4ANC8","AEUV7R2K2QEUV","Approved","Fri Nov 05 17:34:15 PDT 2021","Fri Nov 05 17:34:30 PDT 2021","Mon Nov 08 16:34:30 PST 2021","Mon Nov 08 16:34:40 PST 2021","","","15","100% (6/6)","100% (6/6)","100% (6/6)","World of Books did an oustanding job. The book arrived in fine condition.","Real"
"3QX22DUVPXN4MUXA1ZZGP5UTKHNMVF","30EHNVFQM89B7ILYXOUZPH5BHM0B1W","Review analysis","Determine whether a review is fake or real","Review, text, real, fake","$0.05","Fri Nov 05 17:31:23 PDT 2021","5","BatchId:4594578;OriginalHitTemplateId:928390909;","3600","259200","Fri Nov 12 16:31:23 PST 2021","","","32EYX73OYAFXSFIWRJQU42I7O15RU9","AUNX1G4IZUO2","Approved","Fri Nov 05 17:33:43 PDT 2021","Fri Nov 05 17:33:52 PDT 2021","Mon Nov 08 16:33:52 PST 2021","Mon Nov 08 16:34:30 PST 2021","","","9","100% (9/9)","100% (9/9)","100% (9/9)","World of Books did an oustanding job. The book arrived in fine condition.","Real"
"3V8JSVE8Z7WNE002PCYHJWTETWYEYR","30EHNVFQM89B7ILYXOUZPH5BHM0B1W","Review analysis","Determine whether a review is fake or real","Review, text, real, fake","$0.05","Fri Nov 05 17:31:23 PDT 2021","5","BatchId:4594578;OriginalHitTemplateId:928390909;","3600","259200","Fri Nov 12 16:31:23 PST 2021","","","3U4J9857OOH8EXPBIEBTUVZJY457BA","A2519LCLPN7Y6I","Approved","Fri Nov 05 17:33:23 PDT 2021","Fri Nov 05 17:33:37 PDT 2021","Mon Nov 08 16:33:37 PST 2021","Mon Nov 08 16:33:43 PST 2021","","","14","100% (10/10)","100% (10/10)","100% (10/10)","Terrible quality for a high priced item. Took a long time to get it. No returns because it's a foreign based company. Beware!!","Fake"
"3V8JSVE8Z7WNE002PCYHJWTETWYEYR","30EHNVFQM89B7ILYXOUZPH5BHM0B1W","Review analysis","Determine whether a review is fake or real","Review, text, real, fake","$0.05","Fri Nov 05 17:31:23 PDT 2021","5","BatchId:4594578;OriginalHitTemplateId:928390909;","3600","259200","Fri Nov 12 16:31:23 PST 2021","","","3R2PKQ87N6E1M8A4SU5ZZ00MOJJIM4","A3TNLC6XGYNDKS","Approved","Fri Nov 05 17:31:50 PDT 2021","Fri Nov 05 17:32:09 PDT 2021","Mon Nov 08 16:32:09 PST 2021","Mon Nov 08 16:32:35 PST 2021","","","19","100% (25/25)","100% (25/25)","100% (25/25)","Terrible quality for a high priced item. Took a long time to get it. No returns because it's a foreign based company. Beware!!","Real"
"3V8JSVE8Z7WNE002PCYHJWTETWYEYR","30EHNVFQM89B7ILYXOUZPH5BHM0B1W","Review analysis","Determine whether a review is fake or real","Review, text, real, fake","$0.05","Fri Nov 05 17:31:23 PDT 2021","5","BatchId:4594578;OriginalHitTemplateId:928390909;","3600","259200","Fri Nov 12 16:31:23 PST 2021","","","3ATPCQ38JIGMA7GKZ91XCXZAKLTAYJ","A6V1Q7728SR2J","Approved","Fri Nov 05 17:34:02 PDT 2021","Fri Nov 05 17:44:52 PDT 2021","Mon Nov 08 16:44:52 PST 2021","Mon Nov 08 16:45:29 PST 2021","","","650","100% (10/10)","100% (10/10)","100% (10/10)","Terrible quality for a high priced item. Took a long time to get it. No returns because it's a foreign based company. Beware!!","Real"
"3V8JSVE8Z7WNE002PCYHJWTETWYEYR","30EHNVFQM89B7ILYXOUZPH5BHM0B1W","Review analysis","Determine whether a review is fake or real","Review, text, real, fake","$0.05","Fri Nov 05 17:31:23 PDT 2021","5","BatchId:4594578;OriginalHitTemplateId:928390909;","3600","259200","Fri Nov 12 16:31:23 PST 2021","","","3TY7ZAOG5PQVPPTL3S3DEJ8MDK8K07","AEGRFC72Y8QHV","Approved","Fri Nov 05 17:34:04 PDT 2021","Fri Nov 05 17:34:29 PDT 2021","Mon Nov 08 16:34:29 PST 2021","Mon Nov 08 16:34:40 PST 2021","","","25","100% (8/8)","100% (8/8)","100% (8/8)","Terrible quality for a high priced item. Took a long time to get it. No returns because it's a foreign based company. Beware!!","Fake"
"3V8JSVE8Z7WNE002PCYHJWTETWYEYR","30EHNVFQM89B7ILYXOUZPH5BHM0B1W","Review analysis","Determine whether a review is fake or real","Review, text, real, fake","$0.05","Fri Nov 05 17:31:23 PDT 2021","5","BatchId:4594578;OriginalHitTemplateId:928390909;","3600","259200","Fri Nov 12 16:31:23 PST 2021","","","3HHRAGRYXIBWBA2D1GEZEBQO0TC9OS","AKSLU0C30G3JT","Approved","Fri Nov 05 17:33:34 PDT 2021","Fri Nov 05 17:33:41 PDT 2021","Mon Nov 08 16:33:41 PST 2021","Mon Nov 08 16:33:45 PST 2021","","","7","100% (13/13)","100% (13/13)","100% (13/13)","Terrible quality for a high priced item. Took a long time to get it. No returns because it's a foreign based company. Beware!!","Real"
"37MQ8Z1JRN2VJKOMWS3GHVKPWT82YD","30EHNVFQM89B7ILYXOUZPH5BHM0B1W","Review analysis","Determine whether a review is fake or real","Review, text, real, fake","$0.05","Fri Nov 05 17:31:23 PDT 2021","5","BatchId:4594578;OriginalHitTemplateId:928390909;","3600","259200","Fri Nov 12 16:31:23 PST 2021","","","3QILPRALQF1EFKJRV988ZQV8QDON81","A1G187YBG0DVMQ","Approved","Fri Nov 05 17:31:33 PDT 2021","Fri Nov 05 17:32:13 PDT 2021","Mon Nov 08 16:32:13 PST 2021","Mon Nov 08 16:32:36 PST 2021","","","40","100% (2/2)","100% (2/2)","100% (2/2)","Very pleased with our settees. Very helpful all the way through as always. Thank you.","Fake"
"37MQ8Z1JRN2VJKOMWS3GHVKPWT82YD","30EHNVFQM89B7ILYXOUZPH5BHM0B1W","Review analysis","Determine whether a review is fake or real","Review, text, real, fake","$0.05","Fri Nov 05 17:31:23 PDT 2021","5","BatchId:4594578;OriginalHitTemplateId:928390909;","3600","259200","Fri Nov 12 16:31:23 PST 2021","","","3XM0HYN6NU5VR65VOR70VPWP1VNPEY","A2YZA00VJ8X6NQ","Approved","Fri Nov 05 17:31:38 PDT 2021","Fri Nov 05 17:32:58 PDT 2021","Mon Nov 08 16:32:58 PST 2021","Mon Nov 08 16:33:31 PST 2021","","","80","100% (4/4)","100% (4/4)","100% (4/4)","Very pleased with our settees. Very helpful all the way through as always. Thank you.","Real"
"37MQ8Z1JRN2VJKOMWS3GHVKPWT82YD","30EHNVFQM89B7ILYXOUZPH5BHM0B1W","Review analysis","Determine whether a review is fake or real","Review, text, real, fake","$0.05","Fri Nov 05 17:31:23 PDT 2021","5","BatchId:4594578;OriginalHitTemplateId:928390909;","3600","259200","Fri Nov 12 16:31:23 PST 2021","","","3W92K5RLW4N8079YZ2NWXNFUAQQ5VZ","A3TNLC6XGYNDKS","Approved","Fri Nov 05 17:32:38 PDT 2021","Fri Nov 05 17:32:59 PDT 2021","Mon Nov 08 16:32:59 PST 2021","Mon Nov 08 16:33:31 PST 2021","","","21","100% (25/25)","100% (25/25)","100% (25/25)","Very pleased with our settees. Very helpful all the way through as always. Thank you.","Real"
"37MQ8Z1JRN2VJKOMWS3GHVKPWT82YD","30EHNVFQM89B7ILYXOUZPH5BHM0B1W","Review analysis","Determine whether a review is fake or real","Review, text, real, fake","$0.05","Fri Nov 05 17:31:23 PDT 2021","5","BatchId:4594578;OriginalHitTemplateId:928390909;","3600","259200","Fri Nov 12 16:31:23 PST 2021","","","320DUZ38GHSXP9YOZ9S4YWVP5CWGJ6","AKSLU0C30G3JT","Approved","Fri Nov 05 17:32:15 PDT 2021","Fri Nov 05 17:32:26 PDT 2021","Mon Nov 08 16:32:26 PST 2021","Mon Nov 08 16:32:40 PST 2021","","","11","100% (13/13)","100% (13/13)","100% (13/13)","Very pleased with our settees. Very helpful all the way through as always. Thank you.","Real"
"37MQ8Z1JRN2VJKOMWS3GHVKPWT82YD","30EHNVFQM89B7ILYXOUZPH5BHM0B1W","Review analysis","Determine whether a review is fake or real","Review, text, real, fake","$0.05","Fri Nov 05 17:31:23 PDT 2021","5","BatchId:4594578;OriginalHitTemplateId:928390909;","3600","259200","Fri Nov 12 16:31:23 PST 2021","","","39PAAFCODW6AL9KO0Y5U03L8QTBTVD","AUNX1G4IZUO2","Approved","Fri Nov 05 17:33:06 PDT 2021","Fri Nov 05 17:33:19 PDT 2021","Mon Nov 08 16:33:19 PST 2021","Mon Nov 08 16:33:37 PST 2021","","","13","100% (9/9)","100% (9/9)","100% (9/9)","Very pleased with our settees. Very helpful all the way through as always. Thank you.","Real"
"3A3KKYU7QCNH1JXFR94CB7D7RQPMWP","30EHNVFQM89B7ILYXOUZPH5BHM0B1W","Review analysis","Determine whether a review is fake or real","Review, text, real, fake","$0.05","Fri Nov 05 17:31:23 PDT 2021","5","BatchId:4594578;OriginalHitTemplateId:928390909;","3600","259200","Fri Nov 12 16:31:23 PST 2021","","","3K3R2QNK8L9ROFMAX2Q8DHIDIFZU9P","A2H90QIP05I3LU","Approved","Fri Nov 05 17:33:25 PDT 2021","Fri Nov 05 17:33:31 PDT 2021","Mon Nov 08 16:33:31 PST 2021","Mon Nov 08 16:33:41 PST 2021","","","6","100% (16/16)","100% (16/16)","100% (16/16)","This is a great and best website to use. I am very satisfied with the services provided. Thanks for everything.","Real"
"3A3KKYU7QCNH1JXFR94CB7D7RQPMWP","30EHNVFQM89B7ILYXOUZPH5BHM0B1W","Review analysis","Determine whether a review is fake or real","Review, text, real, fake","$0.05","Fri Nov 05 17:31:23 PDT 2021","5","BatchId:4594578;OriginalHitTemplateId:928390909;","3600","259200","Fri Nov 12 16:31:23 PST 2021","","","3WYP994K1HXLN54H9WKLWSXOO22Y6G","A3TNLC6XGYNDKS","Approved","Fri Nov 05 17:32:18 PDT 2021","Fri Nov 05 17:32:38 PDT 2021","Mon Nov 08 16:32:38 PST 2021","Mon Nov 08 16:32:44 PST 2021","","","20","100% (25/25)","100% (25/25)","100% (25/25)","This is a great and best website to use. I am very satisfied with the services provided. Thanks for everything.","Real"
"3A3KKYU7QCNH1JXFR94CB7D7RQPMWP","30EHNVFQM89B7ILYXOUZPH5BHM0B1W","Review analysis","Determine whether a review is fake or real","Review, text, real, fake","$0.05","Fri Nov 05 17:31:23 PDT 2021","5","BatchId:4594578;OriginalHitTemplateId:928390909;","3600","259200","Fri Nov 12 16:31:23 PST 2021","","","39LNWE0K442KZGFD1WWLQAHG16ZUIN","A3VOMC0I1ZVWT","Approved","Fri Nov 05 18:32:33 PDT 2021","Fri Nov 05 18:40:48 PDT 2021","Mon Nov 08 17:40:48 PST 2021","Mon Nov 08 17:41:29 PST 2021","","","495","100% (9/9)","100% (9/9)","100% (9/9)","This is a great and best website to use. I am very satisfied with the services provided. Thanks for everything.","Real"
"3A3KKYU7QCNH1JXFR94CB7D7RQPMWP","30EHNVFQM89B7ILYXOUZPH5BHM0B1W","Review analysis","Determine whether a review is fake or real","Review, text, real, fake","$0.05","Fri Nov 05 17:31:23 PDT 2021","5","BatchId:4594578;OriginalHitTemplateId:928390909;","3600","259200","Fri Nov 12 16:31:23 PST 2021","","","3OJSZ2ATD226PH82H4KGR9ZRO8J759","AKSLU0C30G3JT","Approved","Fri Nov 05 17:33:24 PDT 2021","Fri Nov 05 17:33:33 PDT 2021","Mon Nov 08 16:33:33 PST 2021","Mon Nov 08 16:33:42 PST 2021","","","9","100% (13/13)","100% (13/13)","100% (13/13)","This is a great and best website to use. I am very satisfied with the services provided. Thanks for everything.","Real"
"3A3KKYU7QCNH1JXFR94CB7D7RQPMWP","30EHNVFQM89B7ILYXOUZPH5BHM0B1W","Review analysis","Determine whether a review is fake or real","Review, text, real, fake","$0.05","Fri Nov 05 17:31:23 PDT 2021","5","BatchId:4594578;OriginalHitTemplateId:928390909;","3600","259200","Fri Nov 12 16:31:23 PST 2021","","","3PWWM24LH24IQYUY9QAO72SAFIY28Q","AUNX1G4IZUO2","Approved","Fri Nov 05 17:33:19 PDT 2021","Fri Nov 05 17:33:30 PDT 2021","Mon Nov 08 16:33:30 PST 2021","Mon Nov 08 16:33:41 PST 2021","","","11","100% (9/9)","100% (9/9)","100% (9/9)","This is a great and best website to use. I am very satisfied with the services provided. Thanks for everything.","Fake"
"3YZ7A3YHSEZQMVV0F5DPXGZ0ZI35S3","30EHNVFQM89B7ILYXOUZPH5BHM0B1W","Review analysis","Determine whether a review is fake or real","Review, text, real, fake","$0.05","Fri Nov 05 17:31:23 PDT 2021","5","BatchId:4594578;OriginalHitTemplateId:928390909;","3600","259200","Fri Nov 12 16:31:23 PST 2021","","","3S0TNUHWK3O5T8SE6FU53LJEC9MD89","A1G187YBG0DVMQ","Approved","Fri Nov 05 17:31:32 PDT 2021","Fri Nov 05 17:32:01 PDT 2021","Mon Nov 08 16:32:01 PST 2021","Mon Nov 08 16:32:33 PST 2021","","","29","100% (2/2)","100% (2/2)","100% (2/2)","Lovely door knobs. Beautifully wrapped and speedy delivery. Really pleased with them. Thank you","Real"
"3YZ7A3YHSEZQMVV0F5DPXGZ0ZI35S3","30EHNVFQM89B7ILYXOUZPH5BHM0B1W","Review analysis","Determine whether a review is fake or real","Review, text, real, fake","$0.05","Fri Nov 05 17:31:23 PDT 2021","5","BatchId:4594578;OriginalHitTemplateId:928390909;","3600","259200","Fri Nov 12 16:31:23 PST 2021","","","3LYA37P8I0TW9CWV1802Y0454O5KBT","A1PRD9YPNCBEPB","Approved","Fri Nov 05 17:34:19 PDT 2021","Fri Nov 05 17:34:23 PDT 2021","Mon Nov 08 16:34:23 PST 2021","Mon Nov 08 16:34:38 PST 2021","","","4","100% (3/3)","100% (3/3)","100% (3/3)","Lovely door knobs. Beautifully wrapped and speedy delivery. Really pleased with them. Thank you","Real"
"3YZ7A3YHSEZQMVV0F5DPXGZ0ZI35S3","30EHNVFQM89B7ILYXOUZPH5BHM0B1W","Review analysis","Determine whether a review is fake or real","Review, text, real, fake","$0.05","Fri Nov 05 17:31:23 PDT 2021","5","BatchId:4594578;OriginalHitTemplateId:928390909;","3600","259200","Fri Nov 12 16:31:23 PST 2021","","","3VBEN272MU5QOCHEM31IQXMC1VASGZ","A2H90QIP05I3LU","Approved","Fri Nov 05 17:34:09 PDT 2021","Fri Nov 05 17:34:14 PDT 2021","Mon Nov 08 16:34:14 PST 2021","Mon Nov 08 16:34:36 PST 2021","","","5","100% (16/16)","100% (16/16)","100% (16/16)","Lovely door knobs. Beautifully wrapped and speedy delivery. Really pleased with them. Thank you","Real"
"3YZ7A3YHSEZQMVV0F5DPXGZ0ZI35S3","30EHNVFQM89B7ILYXOUZPH5BHM0B1W","Review analysis","Determine whether a review is fake or real","Review, text, real, fake","$0.05","Fri Nov 05 17:31:23 PDT 2021","5","BatchId:4594578;OriginalHitTemplateId:928390909;","3600","259200","Fri Nov 12 16:31:23 PST 2021","","","3F1567XTN6BZWMFTGT633GLOFUTQ9G","A3TNLC6XGYNDKS","Approved","Fri Nov 05 17:32:43 PDT 2021","Fri Nov 05 17:33:04 PDT 2021","Mon Nov 08 16:33:04 PST 2021","Mon Nov 08 16:33:33 PST 2021","","","21","100% (25/25)","100% (25/25)","100% (25/25)","Lovely door knobs. Beautifully wrapped and speedy delivery. Really pleased with them. Thank you","Real"
"3YZ7A3YHSEZQMVV0F5DPXGZ0ZI35S3","30EHNVFQM89B7ILYXOUZPH5BHM0B1W","Review analysis","Determine whether a review is fake or real","Review, text, real, fake","$0.05","Fri Nov 05 17:31:23 PDT 2021","5","BatchId:4594578;OriginalHitTemplateId:928390909;","3600","259200","Fri Nov 12 16:31:23 PST 2021","","","3UWN2HHPU8BWY4Y097EDGHV927WSN7","AEGRFC72Y8QHV","Approved","Fri Nov 05 17:34:16 PDT 2021","Fri Nov 05 17:35:20 PDT 2021","Mon Nov 08 16:35:20 PST 2021","Mon Nov 08 16:35:38 PST 2021","","","64","100% (8/8)","100% (8/8)","100% (8/8)","Lovely door knobs. Beautifully wrapped and speedy delivery. Really pleased with them. Thank you","Fake"
"3P7QK0GJ42RVOAYRSE5ZV2TR2NC2Z4","30EHNVFQM89B7ILYXOUZPH5BHM0B1W","Review analysis","Determine whether a review is fake or real","Review, text, real, fake","$0.05","Fri Nov 05 17:31:24 PDT 2021","5","BatchId:4594578;OriginalHitTemplateId:928390909;","3600","259200","Fri Nov 12 16:31:24 PST 2021","","","352YTHGRO5JLMNAEG8NIDUI72FK4H3","A26Z3YPJ8RYJQJ","Approved","Fri Nov 05 17:33:40 PDT 2021","Fri Nov 05 17:34:21 PDT 2021","Mon Nov 08 16:34:21 PST 2021","Mon Nov 08 16:34:38 PST 2021","","","41","100% (6/6)","100% (6/6)","100% (6/6)","The product was great, the quality was good, fitted properly.","Real"
"3P7QK0GJ42RVOAYRSE5ZV2TR2NC2Z4","30EHNVFQM89B7ILYXOUZPH5BHM0B1W","Review analysis","Determine whether a review is fake or real","Review, text, real, fake","$0.05","Fri Nov 05 17:31:24 PDT 2021","5","BatchId:4594578;OriginalHitTemplateId:928390909;","3600","259200","Fri Nov 12 16:31:24 PST 2021","","","3YMTUJH0D2MBRW19G247RDLVD9F4TD","A2H90QIP05I3LU","Approved","Fri Nov 05 17:33:59 PDT 2021","Fri Nov 05 17:34:03 PDT 2021","Mon Nov 08 16:34:03 PST 2021","Mon Nov 08 16:34:33 PST 2021","","","4","100% (16/16)","100% (16/16)","100% (16/16)","The product was great, the quality was good, fitted properly.","Real"
"3P7QK0GJ42RVOAYRSE5ZV2TR2NC2Z4","30EHNVFQM89B7ILYXOUZPH5BHM0B1W","Review analysis","Determine whether a review is fake or real","Review, text, real, fake","$0.05","Fri Nov 05 17:31:24 PDT 2021","5","BatchId:4594578;OriginalHitTemplateId:928390909;","3600","259200","Fri Nov 12 16:31:24 PST 2021","","","3907X2AHFAB3WQTFV7CZTON04SXP2W","A2YZA00VJ8X6NQ","Approved","Fri Nov 05 17:33:06 PDT 2021","Fri Nov 05 17:33:21 PDT 2021","Mon Nov 08 16:33:21 PST 2021","Mon Nov 08 16:33:38 PST 2021","","","15","100% (4/4)","100% (4/4)","100% (4/4)","The product was great, the quality was good, fitted properly.","Real"
"3P7QK0GJ42RVOAYRSE5ZV2TR2NC2Z4","30EHNVFQM89B7ILYXOUZPH5BHM0B1W","Review analysis","Determine whether a review is fake or real","Review, text, real, fake","$0.05","Fri Nov 05 17:31:24 PDT 2021","5","BatchId:4594578;OriginalHitTemplateId:928390909;","3600","259200","Fri Nov 12 16:31:24 PST 2021","","","35BLDD71IG367LTN6QUCMRMPBPXVZV","A3TNLC6XGYNDKS","Approved","Fri Nov 05 17:32:35 PDT 2021","Fri Nov 05 17:32:57 PDT 2021","Mon Nov 08 16:32:57 PST 2021","Mon Nov 08 16:33:31 PST 2021","","","22","100% (25/25)","100% (25/25)","100% (25/25)","The product was great, the quality was good, fitted properly.","Real"
"3P7QK0GJ42RVOAYRSE5ZV2TR2NC2Z4","30EHNVFQM89B7ILYXOUZPH5BHM0B1W","Review analysis","Determine whether a review is fake or real","Review, text, real, fake","$0.05","Fri Nov 05 17:31:24 PDT 2021","5","BatchId:4594578;OriginalHitTemplateId:928390909;","3600","259200","Fri Nov 12 16:31:24 PST 2021","","","3SKEMFQBZDBD7EYOYWGS7YE4WJWK88","A3VOMC0I1ZVWT","Approved","Fri Nov 05 18:32:45 PDT 2021","Fri Nov 05 18:41:12 PDT 2021","Mon Nov 08 17:41:12 PST 2021","Mon Nov 08 17:41:29 PST 2021","","","507","100% (9/9)","100% (9/9)","100% (9/9)","The product was great, the quality was good, fitted properly.","Real"
"359AP8GAHPQP2IKN6C2MGV9E4LCC7V","30EHNVFQM89B7ILYXOUZPH5BHM0B1W","Review analysis","Determine whether a review is fake or real","Review, text, real, fake","$0.05","Fri Nov 05 17:31:24 PDT 2021","5","BatchId:4594578;OriginalHitTemplateId:928390909;","3600","259200","Fri Nov 12 16:31:24 PST 2021","","","39JEC753747TZSIDECA4BTL427BVCW","A26Z3YPJ8RYJQJ","Approved","Fri Nov 05 17:32:06 PDT 2021","Fri Nov 05 17:32:15 PDT 2021","Mon Nov 08 16:32:15 PST 2021","Mon Nov 08 16:32:37 PST 2021","","","9","100% (6/6)","100% (6/6)","100% (6/6)","Little bit small and long","Real"
"359AP8GAHPQP2IKN6C2MGV9E4LCC7V","30EHNVFQM89B7ILYXOUZPH5BHM0B1W","Review analysis","Determine whether a review is fake or real","Review, text, real, fake","$0.05","Fri Nov 05 17:31:24 PDT 2021","5","BatchId:4594578;OriginalHitTemplateId:928390909;","3600","259200","Fri Nov 12 16:31:24 PST 2021","","","3I2PTA7R330JDIYKKQXSTPZ4QO5QKA","A2H90QIP05I3LU","Approved","Fri Nov 05 17:32:55 PDT 2021","Fri Nov 05 17:33:01 PDT 2021","Mon Nov 08 16:33:01 PST 2021","Mon Nov 08 16:33:32 PST 2021","","","6","100% (16/16)","100% (16/16)","100% (16/16)","Little bit small and long","Fake"
"359AP8GAHPQP2IKN6C2MGV9E4LCC7V","30EHNVFQM89B7ILYXOUZPH5BHM0B1W","Review analysis","Determine whether a review is fake or real","Review, text, real, fake","$0.05","Fri Nov 05 17:31:24 PDT 2021","5","BatchId:4594578;OriginalHitTemplateId:928390909;","3600","259200","Fri Nov 12 16:31:24 PST 2021","","","3K4J6M3CXOZMOGVK53FR5XS6FP2GAQ","A3TNLC6XGYNDKS","Approved","Fri Nov 05 17:32:01 PDT 2021","Fri Nov 05 17:32:21 PDT 2021","Mon Nov 08 16:32:21 PST 2021","Mon Nov 08 16:32:39 PST 2021","","","20","100% (25/25)","100% (25/25)","100% (25/25)","Little bit small and long","Real"
"359AP8GAHPQP2IKN6C2MGV9E4LCC7V","30EHNVFQM89B7ILYXOUZPH5BHM0B1W","Review analysis","Determine whether a review is fake or real","Review, text, real, fake","$0.05","Fri Nov 05 17:31:24 PDT 2021","5","BatchId:4594578;OriginalHitTemplateId:928390909;","3600","259200","Fri Nov 12 16:31:24 PST 2021","","","3JJVG1YBEL3TRTBSULWWWBLN7YAB5Z","AEGRFC72Y8QHV","Approved","Fri Nov 05 17:34:09 PDT 2021","Fri Nov 05 17:35:12 PDT 2021","Mon Nov 08 16:35:12 PST 2021","Mon Nov 08 16:35:35 PST 2021","","","63","100% (8/8)","100% (8/8)","100% (8/8)","Little bit small and long","Fake"
"359AP8GAHPQP2IKN6C2MGV9E4LCC7V","30EHNVFQM89B7ILYXOUZPH5BHM0B1W","Review analysis","Determine whether a review is fake or real","Review, text, real, fake","$0.05","Fri Nov 05 17:31:24 PDT 2021","5","BatchId:4594578;OriginalHitTemplateId:928390909;","3600","259200","Fri Nov 12 16:31:24 PST 2021","","","3LQ8PUHQFVYFUU9T1XPM7VSQ7XLIHW","AKSLU0C30G3JT","Approved","Fri Nov 05 17:34:12 PDT 2021","Fri Nov 05 17:34:15 PDT 2021","Mon Nov 08 16:34:15 PST 2021","Mon Nov 08 16:34:36 PST 2021","","","3","100% (13/13)","100% (13/13)","100% (13/13)","Little bit small and long","Fake"
"3PUOXASB6G96OUJQDNKE5P158TM9Z3","30EHNVFQM89B7ILYXOUZPH5BHM0B1W","Review analysis","Determine whether a review is fake or real","Review, text, real, fake","$0.05","Fri Nov 05 17:31:24 PDT 2021","5","BatchId:4594578;OriginalHitTemplateId:928390909;","3600","259200","Fri Nov 12 16:31:24 PST 2021","","","3EKVH9QME8AU7TQPQYL4TU6BQ9VD27","A2519LCLPN7Y6I","Approved","Fri Nov 05 17:33:50 PDT 2021","Fri Nov 05 17:33:59 PDT 2021","Mon Nov 08 16:33:59 PST 2021","Mon Nov 08 16:34:31 PST 2021","","","9","100% (10/10)","100% (10/10)","100% (10/10)","I love this top. I am obssesed with the colour brown.","Fake"
"3PUOXASB6G96OUJQDNKE5P158TM9Z3","30EHNVFQM89B7ILYXOUZPH5BHM0B1W","Review analysis","Determine whether a review is fake or real","Review, text, real, fake","$0.05","Fri Nov 05 17:31:24 PDT 2021","5","BatchId:4594578;OriginalHitTemplateId:928390909;","3600","259200","Fri Nov 12 16:31:24 PST 2021","","","3OF2M9AATQUSRAZB7MG5KIB8VRQKZY","A26Z3YPJ8RYJQJ","Approved","Fri Nov 05 17:32:16 PDT 2021","Fri Nov 05 17:32:20 PDT 2021","Mon Nov 08 16:32:20 PST 2021","Mon Nov 08 16:32:38 PST 2021","","","4","100% (6/6)","100% (6/6)","100% (6/6)","I love this top. I am obssesed with the colour brown.","Real"
"3PUOXASB6G96OUJQDNKE5P158TM9Z3","30EHNVFQM89B7ILYXOUZPH5BHM0B1W","Review analysis","Determine whether a review is fake or real","Review, text, real, fake","$0.05","Fri Nov 05 17:31:24 PDT 2021","5","BatchId:4594578;OriginalHitTemplateId:928390909;","3600","259200","Fri Nov 12 16:31:24 PST 2021","","","39L1G8WVW0XP0G6WE5FEB2AU7QS31I","A3TNLC6XGYNDKS","Approved","Fri Nov 05 17:32:30 PDT 2021","Fri Nov 05 17:32:50 PDT 2021","Mon Nov 08 16:32:50 PST 2021","Mon Nov 08 16:33:29 PST 2021","","","20","100% (25/25)","100% (25/25)","100% (25/25)","I love this top. I am obssesed with the colour brown.","Real"
"3PUOXASB6G96OUJQDNKE5P158TM9Z3","30EHNVFQM89B7ILYXOUZPH5BHM0B1W","Review analysis","Determine whether a review is fake or real","Review, text, real, fake","$0.05","Fri Nov 05 17:31:24 PDT 2021","5","BatchId:4594578;OriginalHitTemplateId:928390909;","3600","259200","Fri Nov 12 16:31:24 PST 2021","","","388U7OUMFH7HCT6GTCCAFVU08C20RG","AUNX1G4IZUO2","Approved","Fri Nov 05 17:32:44 PDT 2021","Fri Nov 05 17:32:57 PDT 2021","Mon Nov 08 16:32:57 PST 2021","Mon Nov 08 16:33:31 PST 2021","","","13","100% (9/9)","100% (9/9)","100% (9/9)","I love this top. I am obssesed with the colour brown.","Real"
"3PUOXASB6G96OUJQDNKE5P158TM9Z3","30EHNVFQM89B7ILYXOUZPH5BHM0B1W","Review analysis","Determine whether a review is fake or real","Review, text, real, fake","$0.05","Fri Nov 05 17:31:24 PDT 2021","5","BatchId:4594578;OriginalHitTemplateId:928390909;","3600","259200","Fri Nov 12 16:31:24 PST 2021","","","3VA45EW49XTEM5ZIX3Z6Z5852HNO1X","AWHEH4HXEQUGY","Approved","Fri Nov 05 17:32:48 PDT 2021","Fri Nov 05 17:33:00 PDT 2021","Mon Nov 08 16:33:00 PST 2021","Mon Nov 08 16:33:32 PST 2021","","","12","100% (1/1)","100% (1/1)","100% (1/1)","I love this top. I am obssesed with the colour brown.","Fake"
"388CL5C1SSTFYBK5WYHXAROVCXMHLI","30EHNVFQM89B7ILYXOUZPH5BHM0B1W","Review analysis","Determine whether a review is fake or real","Review, text, real, fake","$0.05","Fri Nov 05 17:31:24 PDT 2021","5","BatchId:4594578;OriginalHitTemplateId:928390909;","3600","259200","Fri Nov 12 16:31:24 PST 2021","","","3M1CVSFP6ABD15PY8ZK3ZBW8LCCAQG","A2519LCLPN7Y6I","Approved","Fri Nov 05 17:34:00 PDT 2021","Fri Nov 05 17:34:14 PDT 2021","Mon Nov 08 16:34:14 PST 2021","Mon Nov 08 16:34:36 PST 2021","","","14","100% (10/10)","100% (10/10)","100% (10/10)","Ordered both colours, I love them","Real"
"388CL5C1SSTFYBK5WYHXAROVCXMHLI","30EHNVFQM89B7ILYXOUZPH5BHM0B1W","Review analysis","Determine whether a review is fake or real","Review, text, real, fake","$0.05","Fri Nov 05 17:31:24 PDT 2021","5","BatchId:4594578;OriginalHitTemplateId:928390909;","3600","259200","Fri Nov 12 16:31:24 PST 2021","","","37QW5D2ZRQSBVXBW35PUYK5EDCXS8J","A2H90QIP05I3LU","Approved","Fri Nov 05 17:34:04 PDT 2021","Fri Nov 05 17:34:09 PDT 2021","Mon Nov 08 16:34:09 PST 2021","Mon Nov 08 16:34:34 PST 2021","","","5","100% (16/16)","100% (16/16)","100% (16/16)","Ordered both colours, I love them","Real"
"388CL5C1SSTFYBK5WYHXAROVCXMHLI","30EHNVFQM89B7ILYXOUZPH5BHM0B1W","Review analysis","Determine whether a review is fake or real","Review, text, real, fake","$0.05","Fri Nov 05 17:31:24 PDT 2021","5","BatchId:4594578;OriginalHitTemplateId:928390909;","3600","259200","Fri Nov 12 16:31:24 PST 2021","","","3WQQ9FUS6K0CEBUUSJ3Z8VVE9OAB80","A3TNLC6XGYNDKS","Approved","Fri Nov 05 17:31:51 PDT 2021","Fri Nov 05 17:32:15 PDT 2021","Mon Nov 08 16:32:15 PST 2021","Mon Nov 08 16:32:37 PST 2021","","","24","100% (25/25)","100% (25/25)","100% (25/25)","Ordered both colours, I love them","Real"
"388CL5C1SSTFYBK5WYHXAROVCXMHLI","30EHNVFQM89B7ILYXOUZPH5BHM0B1W","Review analysis","Determine whether a review is fake or real","Review, text, real, fake","$0.05","Fri Nov 05 17:31:24 PDT 2021","5","BatchId:4594578;OriginalHitTemplateId:928390909;","3600","259200","Fri Nov 12 16:31:24 PST 2021","","","3HWRJOOETF8S4YLNG8BUQU10OFVSEI","AEGRFC72Y8QHV","Approved","Fri Nov 05 17:34:07 PDT 2021","Fri Nov 05 17:34:58 PDT 2021","Mon Nov 08 16:34:58 PST 2021","Mon Nov 08 16:35:32 PST 2021","","","51","100% (8/8)","100% (8/8)","100% (8/8)","Ordered both colours, I love them","Fake"
"388CL5C1SSTFYBK5WYHXAROVCXMHLI","30EHNVFQM89B7ILYXOUZPH5BHM0B1W","Review analysis","Determine whether a review is fake or real","Review, text, real, fake","$0.05","Fri Nov 05 17:31:24 PDT 2021","5","BatchId:4594578;OriginalHitTemplateId:928390909;","3600","259200","Fri Nov 12 16:31:24 PST 2021","","","3RJSC4XJ1A0S768IW5Z7CUP4GUD052","AKSLU0C30G3JT","Approved","Fri Nov 05 17:33:43 PDT 2021","Fri Nov 05 17:33:50 PDT 2021","Mon Nov 08 16:33:50 PST 2021","Mon Nov 08 16:34:29 PST 2021","","","7","100% (13/13)","100% (13/13)","100% (13/13)","Ordered both colours, I love them","Real"
"3DTJ4WT8CMLNJQA7LY00X32GZQ2EZI","30EHNVFQM89B7ILYXOUZPH5BHM0B1W","Review analysis","Determine whether a review is fake or real","Review, text, real, fake","$0.05","Fri Nov 05 17:31:24 PDT 2021","5","BatchId:4594578;OriginalHitTemplateId:928390909;","3600","259200","Fri Nov 12 16:31:24 PST 2021","","","30H4UDGLTCOT3UX85PVJ8X1YAXFPMO","A1CQDLI6UA2IW4","Approved","Fri Nov 05 17:34:00 PDT 2021","Fri Nov 05 17:34:29 PDT 2021","Mon Nov 08 16:34:29 PST 2021","Mon Nov 08 16:34:40 PST 2021","","","29","100% (1/1)","100% (1/1)","100% (1/1)","l Love this beanie so much, it sags just right. Been searching for one like it for a long time.","Fake"
"3DTJ4WT8CMLNJQA7LY00X32GZQ2EZI","30EHNVFQM89B7ILYXOUZPH5BHM0B1W","Review analysis","Determine whether a review is fake or real","Review, text, real, fake","$0.05","Fri Nov 05 17:31:24 PDT 2021","5","BatchId:4594578;OriginalHitTemplateId:928390909;","3600","259200","Fri Nov 12 16:31:24 PST 2021","","","34PGFRQONYHTMVOOEEWMKZHDZ0MWJL","A2H90QIP05I3LU","Approved","Fri Nov 05 17:33:02 PDT 2021","Fri Nov 05 17:33:09 PDT 2021","Mon Nov 08 16:33:09 PST 2021","Mon Nov 08 16:33:34 PST 2021","","","7","100% (16/16)","100% (16/16)","100% (16/16)","l Love this beanie so much, it sags just right. Been searching for one like it for a long time.","Fake"
"3DTJ4WT8CMLNJQA7LY00X32GZQ2EZI","30EHNVFQM89B7ILYXOUZPH5BHM0B1W","Review analysis","Determine whether a review is fake or real","Review, text, real, fake","$0.05","Fri Nov 05 17:31:24 PDT 2021","5","BatchId:4594578;OriginalHitTemplateId:928390909;","3600","259200","Fri Nov 12 16:31:24 PST 2021","","","3LOTDFNYAH5DHT2SVO5151PL6T5FW1","A3TNLC6XGYNDKS","Approved","Fri Nov 05 17:31:40 PDT 2021","Fri Nov 05 17:31:48 PDT 2021","Mon Nov 08 16:31:48 PST 2021","Mon Nov 08 16:32:29 PST 2021","","","8","100% (25/25)","100% (25/25)","100% (25/25)","l Love this beanie so much, it sags just right. Been searching for one like it for a long time.","Real"
"3DTJ4WT8CMLNJQA7LY00X32GZQ2EZI","30EHNVFQM89B7ILYXOUZPH5BHM0B1W","Review analysis","Determine whether a review is fake or real","Review, text, real, fake","$0.05","Fri Nov 05 17:31:24 PDT 2021","5","BatchId:4594578;OriginalHitTemplateId:928390909;","3600","259200","Fri Nov 12 16:31:24 PST 2021","","","3XC1O3LBO2S7P48UMU3ODUN6ZV9LTM","A6V1Q7728SR2J","Approved","Fri Nov 05 17:32:46 PDT 2021","Fri Nov 05 17:43:48 PDT 2021","Mon Nov 08 16:43:48 PST 2021","Mon Nov 08 16:44:29 PST 2021","","","662","100% (10/10)","100% (10/10)","100% (10/10)","l Love this beanie so much, it sags just right. Been searching for one like it for a long time.","Real"
"3DTJ4WT8CMLNJQA7LY00X32GZQ2EZI","30EHNVFQM89B7ILYXOUZPH5BHM0B1W","Review analysis","Determine whether a review is fake or real","Review, text, real, fake","$0.05","Fri Nov 05 17:31:24 PDT 2021","5","BatchId:4594578;OriginalHitTemplateId:928390909;","3600","259200","Fri Nov 12 16:31:24 PST 2021","","","3Y9N9SS8L8HJSBM8UYZ9C4B3WNVD3I","AKSLU0C30G3JT","Approved","Fri Nov 05 17:33:53 PDT 2021","Fri Nov 05 17:33:58 PDT 2021","Mon Nov 08 16:33:58 PST 2021","Mon Nov 08 16:34:31 PST 2021","","","5","100% (13/13)","100% (13/13)","100% (13/13)","l Love this beanie so much, it sags just right. Been searching for one like it for a long time.","Real"